mode,keys_checked,checks_performed,avg_before_if_ns,avg_after_if_ns,avg_total_ns,checks_before_if,checks_after_if, total_decaps_time
Classic,2,1,6426336.00,12811590.00,19239812.00,1,1,32340336.00
Classic,2,2,6792955.00,13793802.00,13691072.00,2,1,40092505.00
Classic,2,2,6600169.00,12617126.00,12909929.00,2,1,38499411.00
Classic,2,2,6314757.50,12951060.00,12791017.00,2,1,38433948.00
Classic,2,2,6518377.50,13129080.00,13083986.50,2,1,39471071.00
Classic,2,2,6456458.50,13706790.00,13310785.00,2,1,40307657.00
Classic,2,1,6226297.00,12460729.00,18688336.00,1,1,31493742.00
Classic,2,2,6412676.00,12624827.00,12726115.00,2,1,38148108.00
Classic,2,2,6547846.50,13071385.00,13084690.00,2,1,38936387.00
Classic,2,2,6794199.00,12661015.00,13125643.00,2,1,39124065.00
Classic,2,2,6877684.00,12647819.00,13202614.00,2,1,39369964.00
Classic,2,2,6474339.50,12537319.00,12743933.50,2,1,38200875.00
Classic,2,2,6241498.50,12351691.00,12417978.00,2,1,37634380.00
Classic,2,2,6483323.00,12887757.00,12928026.50,2,1,38380539.00
Classic,2,2,6645797.50,13137652.00,13216186.00,2,1,38947010.00
Classic,2,2,6391793.00,12914732.00,12850328.50,2,1,38621507.00
Classic,2,2,6343865.50,12599047.00,12644893.50,2,1,37902085.00
Classic,2,2,6649424.50,12473635.00,12887333.00,2,1,38524304.00
Classic,2,2,6354453.00,12792095.00,12751211.00,2,1,38549677.00
Classic,2,2,6350642.50,12652192.00,12677548.50,2,1,38250537.00
Classic,2,2,6547248.50,12860230.00,12978594.00,2,1,38490372.00
Classic,2,1,6343858.00,13384426.00,19729284.00,1,1,32960893.00
Classic,2,2,6452624.50,13206944.00,13057217.00,2,1,39119830.00
Classic,2,1,6580367.00,12940115.00,19522073.00,1,1,32684707.00
Classic,2,1,6757528.00,13353769.00,20112891.00,1,1,33678192.00
Classic,2,1,6299429.00,12885197.00,19185970.00,1,1,31786688.00
Classic,2,2,6326618.00,12566566.00,12610645.50,2,1,38150304.00
Classic,2,2,6447779.50,12788577.00,12843092.50,2,1,38605349.00
Classic,2,2,6294988.00,13283001.00,12937763.50,2,1,38485417.00
Classic,2,2,6738568.00,14079172.00,13779518.50,2,1,40502781.00
Classic,2,2,6763754.50,15007015.00,14268530.00,2,1,42129065.00
Classic,2,1,6823809.00,12804083.00,19629402.00,1,1,32605682.00
Classic,2,2,6409158.00,12528110.00,12674066.00,2,1,38018214.00
Classic,2,1,6305231.00,12582599.00,18889077.00,1,1,31674808.00
Classic,2,1,6416457.00,12850406.00,19268581.00,1,1,32177036.00
Classic,2,2,6555750.00,12958405.00,13035566.50,2,1,38966399.00
Classic,2,2,6685773.00,12803936.00,13088807.50,2,1,39487514.00
Classic,2,1,6589539.00,13403347.00,20001474.00,1,1,33380958.00
Classic,2,1,6810453.00,13018025.00,19829561.00,1,1,32795213.00
Classic,2,1,6732907.00,13219681.00,19955296.00,1,1,33457620.00
Classic,2,1,6484365.00,13566939.00,20052792.00,1,1,33434433.00
Classic,2,2,7223470.50,13466242.00,13958506.00,2,1,41582640.00
Classic,2,2,6410077.00,12803532.00,12813061.50,2,1,38432154.00
Classic,2,2,6560796.50,12922010.00,13023145.00,2,1,38800524.00
Classic,2,1,6340775.00,12603482.00,18946029.00,1,1,31694795.00
Classic,2,1,6278278.00,12923474.00,19203106.00,1,1,32163253.00
Classic,2,2,6470363.00,13085813.00,13014562.50,2,1,38673249.00
Classic,2,2,6557602.00,12604490.00,12861097.00,2,1,38481576.00
Classic,2,2,6313820.00,12778533.00,12703908.50,2,1,38162865.00
Classic,2,2,6517598.50,13030276.00,13033794.50,2,1,38952251.00
Classic,2,1,6755315.00,12641952.00,19398623.00,1,1,32058853.00
Classic,2,2,6420367.50,12709038.00,12775516.50,2,1,38479722.00
Classic,2,2,6505106.00,12502964.00,12757829.50,2,1,38600768.00
Classic,2,1,7006767.00,13059896.00,20068228.00,1,1,32746823.00
Classic,2,1,6218215.00,13318212.00,19537845.00,1,1,32829199.00
Classic,2,2,6327248.50,12505007.00,12580353.50,2,1,37676414.00
Classic,2,2,6324481.00,12794596.00,12722582.00,2,1,38216963.00
Classic,2,2,6285998.50,12599418.00,12586432.50,2,1,38124821.00
Classic,2,1,6367281.00,12939349.00,19308129.00,1,1,32084304.00
Classic,2,2,6316971.50,12540750.00,12588421.50,2,1,38137795.00
Classic,2,1,6520648.00,12865862.00,19388112.00,1,1,32084775.00
Classic,2,1,6382363.00,12794523.00,19178180.00,1,1,32031046.00
Classic,2,2,6462338.50,12691650.00,12809102.00,2,1,38592534.00
Classic,2,2,6385144.50,12602060.00,12687071.00,2,1,37988980.00
Classic,2,1,6352864.00,12877655.00,19231700.00,1,1,32185354.00
Classic,2,1,6229186.00,12791328.00,19021523.00,1,1,32019725.00
Classic,2,2,6330462.00,12555095.00,12609074.00,2,1,37770524.00
Classic,2,1,6579396.00,12668844.00,19249639.00,1,1,31838641.00
Classic,2,2,6446720.00,12603504.00,12749585.50,2,1,38367207.00
Classic,2,1,6278202.00,12721441.00,19000858.00,1,1,31871763.00
Classic,2,2,6369389.00,12748653.00,12745130.50,2,1,38167969.00
Classic,2,2,6268802.50,12466022.00,12502632.50,2,1,38046673.00
Classic,2,1,6461924.00,13067752.00,19530965.00,1,1,32574724.00
Classic,2,2,6351394.50,12515743.00,12609896.50,2,1,38234406.00
Classic,2,2,6368442.00,12763096.00,12751010.00,2,1,38125670.00
Classic,2,1,6523671.00,12509104.00,19034195.00,1,1,31614447.00
Classic,2,2,6480077.50,12744116.00,12853218.00,2,1,38748798.00
Classic,2,1,6297924.00,13562405.00,19861571.00,1,1,32574538.00
Classic,2,1,6269882.00,12807141.00,19078076.00,1,1,32243761.00
Classic,2,2,6357390.50,12630383.00,12673300.00,2,1,38093450.00
Classic,2,2,6476346.50,12671880.00,12813264.50,2,1,38346540.00
Classic,2,1,6345870.00,12807315.00,19154559.00,1,1,31791326.00
Classic,2,2,6425571.50,12825436.00,12839458.50,2,1,38291773.00
Classic,2,2,6489648.00,12873572.00,12927322.00,2,1,38565801.00
Classic,2,2,6304438.00,12520537.00,12565562.50,2,1,37950259.00
Classic,2,2,6305437.00,12728797.00,12670735.50,2,1,38045289.00
Classic,2,1,6509485.00,12859458.00,19370583.00,1,1,32094394.00
Classic,2,1,6376678.00,12718648.00,19096712.00,1,1,32165517.00
Classic,2,1,6313243.00,12653168.00,18967494.00,1,1,32048784.00
Classic,2,2,6296009.50,12651575.00,12622606.50,2,1,38000089.00
Classic,2,2,6451901.00,12827839.00,12866767.50,2,1,38478829.00
Classic,2,1,6537281.00,12723921.00,19262904.00,1,1,31889109.00
Classic,2,1,6219476.00,12451972.00,18672339.00,1,1,31147195.00
Classic,2,2,6506533.00,12764820.00,12890265.00,2,1,38543824.00
Classic,2,1,6412504.00,13156416.00,19570445.00,1,1,32768892.00
Classic,2,2,6389340.00,12404392.00,12592494.50,2,1,37814518.00
Classic,2,2,6614821.00,12601763.00,12916668.00,2,1,38593452.00
Classic,2,1,6375099.00,13164742.00,19541469.00,1,1,32468108.00
Classic,2,2,6468895.00,12484665.00,12712300.00,2,1,38100305.00
Classic,2,1,6214725.00,12987680.00,19203544.00,1,1,32089595.00
Classic,6,4,6262869.50,12408594.00,9365475.25,4,1,50047451.00
Classic,6,6,6297853.00,12673202.00,8410525.17,6,1,63283511.00
Classic,6,2,6350777.00,12603352.00,12653546.00,2,1,38134716.00
Classic,6,3,6383907.33,12538817.00,10564438.00,3,1,44650193.00
Classic,6,1,6291580.00,12939658.00,19232695.00,1,1,31972226.00
Classic,6,3,6297394.67,12420066.00,10437941.33,3,1,43972161.00
Classic,6,4,6292158.75,12485914.00,9414259.25,4,1,50415891.00
Classic,6,1,6288479.00,13026644.00,19316195.00,1,1,32283561.00
Classic,6,4,6406154.75,12470627.00,9524415.75,4,1,50791263.00
Classic,6,5,6347776.20,12388873.00,8826111.20,5,1,56684188.00
Classic,6,6,6371802.00,12764630.00,8499825.50,6,1,63600286.00
Classic,6,1,6762486.00,12675083.00,19439053.00,1,1,32231301.00
Classic,6,1,6377022.00,12899016.00,19277656.00,1,1,31919342.00
Classic,6,6,6461727.17,12631386.00,8567533.00,6,1,64208019.00
Classic,6,3,6383764.67,12566660.00,10573565.00,3,1,44338266.00
Classic,6,1,6291635.00,12493673.00,18786641.00,1,1,31565921.00
Classic,6,6,6331150.00,13017732.00,8501222.67,6,1,63778853.00
Classic,6,1,6564428.00,12870241.00,19435853.00,1,1,32132958.00
Classic,6,1,6409843.00,12768755.00,19180100.00,1,1,31757746.00
Classic,6,4,6469678.25,12490907.00,9593047.75,4,1,51068838.00
Classic,6,4,6289698.50,12610475.00,9442845.75,4,1,50274375.00
Classic,6,4,6353706.75,12521989.00,9484954.50,4,1,51698148.00
Classic,6,6,6402110.17,12802827.00,8536414.00,6,1,63798689.00
Classic,6,2,6498771.50,12583143.00,12791274.50,2,1,38348193.00
Classic,6,3,6347375.67,12601144.00,10548544.00,3,1,44412794.00
Classic,6,6,6356760.67,12555570.00,8449850.33,6,1,63527214.00
Classic,6,1,6324999.00,13370195.00,19696366.00,1,1,32747905.00
Classic,6,3,6455888.67,13140063.00,10836808.67,3,1,45114982.00
Classic,6,3,6481071.67,12778822.00,10741493.67,3,1,44918592.00
Classic,6,4,6386342.50,12796060.00,9585975.25,4,1,50924089.00
Classic,6,2,6386135.00,12462437.00,12618533.50,2,1,37861154.00
Classic,6,5,6516803.20,13331009.00,9183844.40,5,1,58602750.00
Classic,6,6,6349984.83,12605039.00,8451276.67,6,1,63306467.00
Classic,6,3,6494182.67,12540899.00,10675302.33,3,1,44883930.00
Classic,6,4,6417582.75,12941672.00,9653681.75,4,1,51195481.00
Classic,6,3,6436657.67,12659485.00,10657268.67,3,1,44696864.00
Classic,6,3,6448473.67,12770196.00,10705990.33,3,1,45109670.00
Classic,6,4,6312663.00,12492219.00,9436364.00,4,1,50350150.00
Classic,6,2,6341855.50,12528555.00,12607169.00,2,1,37769029.00
Classic,6,2,6338627.50,12634869.00,12656784.00,2,1,37955608.00
Classic,6,1,6470135.00,12621176.00,19092913.00,1,1,31840374.00
Classic,6,4,6360558.25,12764304.00,9552384.75,4,1,51047037.00
Classic,6,1,6770497.00,12733696.00,19505847.00,1,1,32460439.00
Classic,6,3,6313249.67,12905521.00,10615721.67,3,1,44534731.00
Classic,6,4,6495066.25,12518457.00,9625559.75,4,1,51116001.00
Classic,6,5,6460589.00,12627330.00,8986811.40,5,1,57788961.00
Classic,6,5,6584949.40,12737764.00,9133135.40,5,1,58750868.00
Classic,6,6,6527817.17,12668851.00,8639952.00,6,1,64593548.00
Classic,6,3,6445405.67,12710682.00,10683136.33,3,1,44801652.00
Classic,6,3,6311751.67,12631146.00,10522711.67,3,1,44225154.00
Classic,6,5,6378756.60,12457381.00,8870937.40,5,1,57099321.00
Classic,6,3,6454969.00,12532358.00,10633100.33,3,1,44773543.00
Classic,6,3,6466748.00,12795376.00,10733069.67,3,1,45328583.00
Classic,6,2,6585778.00,12596728.00,12885129.50,2,1,38662368.00
Classic,6,2,6611078.00,12636942.00,12930657.50,2,1,38902389.00
Classic,6,2,6392543.00,12614920.00,12700960.00,2,1,38201527.00
Classic,6,2,6515572.50,12479797.00,12756390.00,2,1,38173355.00
Classic,6,3,6377347.00,12689350.00,10607660.67,3,1,44556173.00
Classic,6,6,6396847.67,12636891.00,8503668.50,6,1,63753564.00
Classic,6,1,6380432.00,12723174.00,19105499.00,1,1,31826363.00
Classic,6,1,6290665.00,12749839.00,19041849.00,1,1,31975841.00
Classic,6,3,6405054.67,13354774.00,10857345.33,3,1,45695040.00
Classic,6,6,6334335.67,12424982.00,8405619.83,6,1,63584751.00
Classic,6,1,6520244.00,12656883.00,19178982.00,1,1,32116283.00
Classic,6,2,6273952.00,13369172.00,12959118.00,2,1,38853073.00
Classic,6,1,6609259.00,13094977.00,19705400.00,1,1,32373233.00
Classic,6,3,6346705.33,12716135.00,10585807.33,3,1,44297468.00
Classic,6,3,6456347.33,12971818.00,10780982.00,3,1,45062141.00
Classic,6,2,6692118.50,13429280.00,13407804.50,2,1,39469845.00
Classic,6,6,6481340.33,12738310.00,8607210.17,6,1,64403062.00
Classic,6,4,6374840.50,13013315.00,9628712.75,4,1,51334277.00
Classic,6,3,6545972.00,13272208.00,10970958.67,3,1,46039642.00
Classic,6,4,6579304.50,12603313.00,9730637.50,4,1,52282901.00
Classic,6,2,6593166.50,13057972.00,13123266.00,2,1,39355317.00
Classic,6,2,6236358.00,12392111.00,12432861.50,2,1,37626327.00
Classic,6,2,6450490.50,12536996.00,12719826.50,2,1,38392577.00
Classic,6,1,6300139.00,12944123.00,19245234.00,1,1,32187831.00
Classic,6,6,6335310.00,12608322.00,8437127.17,6,1,63467684.00
Classic,6,3,6269293.00,12757227.00,10522232.67,3,1,44528871.00
Classic,6,3,6374126.67,12967693.00,10697279.33,3,1,45190406.00
Classic,6,2,6451420.00,12619276.00,12762019.00,2,1,38383070.00
Classic,6,6,6360034.83,12686776.00,8475108.50,6,1,63533632.00
Classic,6,6,6418857.83,12542825.00,8510035.67,6,1,63867637.00
Classic,6,4,6543139.00,12783306.00,9739676.00,4,1,51760502.00
Classic,6,6,6391382.00,12799599.00,8525123.00,6,1,63812532.00
Classic,6,1,6459293.00,12901482.00,19362255.00,1,1,32109110.00
Classic,6,6,6349346.00,13100980.00,8533387.50,6,1,63935325.00
Classic,6,2,6472993.00,12747868.00,12848320.00,2,1,38442728.00
Classic,6,5,6389000.60,12453301.00,8880314.80,5,1,57329614.00
Classic,6,6,6502622.00,13053074.00,8678843.33,6,1,65259099.00
Classic,6,4,6442428.75,12938953.00,9677796.75,4,1,51461232.00
Classic,6,4,6364799.75,12586651.00,9512037.50,4,1,50919829.00
Classic,6,6,6419036.50,12514638.00,8505568.50,6,1,64025017.00
Classic,6,3,6525615.67,12578539.00,10719379.00,3,1,44926039.00
Classic,6,1,6398021.00,13610570.00,20010235.00,1,1,33188964.00
Classic,6,1,6650046.00,12820480.00,19471986.00,1,1,32754385.00
Classic,6,4,6413264.75,12648808.00,9576301.25,4,1,51204955.00
Classic,6,6,6431050.67,12844065.00,8572214.33,6,1,64286965.00
Classic,6,3,6552779.00,13007775.00,10889984.33,3,1,45489204.00
Classic,6,1,6550563.00,12876977.00,19429157.00,1,1,32085767.00
Classic,8,6,6430482.33,13212232.00,8633226.33,6,1,64809373.00
Classic,8,5,6414978.00,12576115.00,8930913.20,5,1,57361801.00
Classic,8,5,6394338.00,12592625.00,8913541.60,5,1,57489274.00
Classic,8,8,6494141.25,12594163.00,8069092.00,8,1,77147404.00
Classic,8,5,6460163.60,12595766.00,8980120.20,5,1,57905864.00
Classic,8,4,6464880.00,12619154.00,9620361.00,4,1,51321303.00
Classic,8,2,6572342.50,12802151.00,12974591.50,2,1,38765274.00
Classic,8,3,6496251.67,12606495.00,10699404.00,3,1,45298898.00
Classic,8,5,6445445.40,12836499.00,9013366.60,5,1,57986911.00
Classic,8,2,6809792.50,12655681.00,13139037.00,2,1,39411622.00
Classic,8,1,6946788.00,12763215.00,19711432.00,1,1,32292919.00
Classic,8,5,6419776.00,12738606.00,8968190.80,5,1,57946621.00
Classic,8,5,6431267.40,12753971.00,8982627.00,5,1,58208326.00
Classic,8,5,6403142.80,13254386.00,9054536.00,5,1,58163897.00
Classic,8,8,6452207.38,12857707.00,8059934.50,8,1,77752177.00
Classic,8,4,6534445.25,12928408.00,9767371.25,4,1,52729129.00
Classic,8,4,6551231.00,12655949.00,9716069.50,4,1,51544427.00
Classic,8,4,6476059.00,13025738.00,9733497.25,4,1,51957097.00
Classic,8,3,6505024.00,12500263.00,10672453.67,3,1,45184366.00
Classic,8,6,6406865.17,12809811.00,8542464.17,6,1,64108996.00
Classic,8,7,6373388.00,12753388.00,8195776.86,7,1,70110774.00
Classic,8,3,6453932.33,12599967.00,10654881.00,3,1,45134602.00
Classic,8,1,6277518.00,13402978.00,19681577.00,1,1,32586215.00
Classic,8,2,6376218.00,13238519.00,12996366.50,2,1,38980087.00
Classic,8,1,6261329.00,12577246.00,18839669.00,1,1,31520699.00
Classic,8,1,6512157.00,12563214.00,19077143.00,1,1,31757109.00
Classic,8,1,6246881.00,12799419.00,19047581.00,1,1,31885169.00
Classic,8,6,6314383.67,12757511.00,8441089.00,6,1,63888092.00
Classic,8,1,6523244.00,13337017.00,19861813.00,1,1,32675147.00
Classic,8,5,6344387.60,12490404.00,8843097.60,5,1,58095661.00
Classic,8,2,6362241.50,12684583.00,12705528.00,2,1,38275863.00
Classic,8,7,6343727.57,12651452.00,8151366.43,7,1,69655113.00
Classic,8,8,6383496.00,12639825.00,7964068.25,8,1,76417364.00
Classic,8,4,6387480.50,12628302.00,9545168.00,4,1,51048636.00
Classic,8,1,6553004.00,13295677.00,19850032.00,1,1,32575288.00
Classic,8,8,6478960.38,12845880.00,8085375.25,8,1,77640211.00
Classic,8,4,6455913.50,16441083.00,10567321.25,4,1,55477954.00
Classic,8,8,6347959.88,13336349.00,8015559.88,8,1,76757919.00
Classic,8,5,6536863.40,12870222.00,9111627.60,5,1,58661471.00
Classic,8,7,6366229.43,12543204.00,8158702.43,7,1,70145613.00
Classic,8,4,6509881.75,12878105.00,9730101.25,4,1,51903179.00
Classic,8,2,6351842.50,12972559.00,12839160.00,2,1,38661969.00
Classic,8,6,6408556.33,12655572.00,8519199.67,6,1,64143144.00
Classic,8,3,6521838.00,12725137.00,10764225.00,3,1,45243964.00
Classic,8,8,6422547.50,12867860.00,8031680.75,8,1,76966727.00
Classic,8,2,6444527.00,12581751.00,12736367.50,2,1,38201361.00
Classic,8,7,6371619.86,12816584.00,8203059.71,7,1,70166683.00
Classic,8,6,6567688.00,12594954.00,8667565.17,6,1,64946754.00
Classic,8,5,6394716.40,12573082.00,8909909.00,5,1,57189667.00
Classic,8,1,6355109.00,12453780.00,18810086.00,1,1,31375017.00
Classic,8,1,6288852.00,12956202.00,19246389.00,1,1,31967270.00
Classic,8,4,6476477.25,12510988.00,9604780.00,4,1,51835733.00
Classic,8,3,6502230.67,12752524.00,10753880.67,3,1,45047327.00
Classic,8,4,6624716.75,12511270.00,9753256.00,4,1,51630496.00
Classic,8,7,6434250.57,12879660.00,8274729.57,7,1,70782814.00
Classic,8,6,6421057.67,12598414.00,8521384.50,6,1,64249744.00
Classic,8,1,6430852.00,12643829.00,19076133.00,1,1,31667087.00
Classic,8,7,6512817.71,12762690.00,8336710.71,7,1,71330690.00
Classic,8,7,6387363.29,12762096.00,8211034.71,7,1,70143938.00
Classic,8,1,6238382.00,12736080.00,18975555.00,1,1,31776478.00
Classic,8,4,6402412.50,12568715.00,9545563.75,4,1,50947860.00
Classic,8,5,6338391.60,12447078.00,8828279.80,5,1,56910747.00
Classic,8,6,6549797.50,12645297.00,8658124.33,6,1,64799726.00
Classic,8,3,6637332.67,12802923.00,10905731.33,3,1,45549939.00
Classic,8,7,6403818.14,12548503.00,8196909.57,7,1,70329030.00
Classic,8,3,6381347.33,12722089.00,10622864.67,3,1,44593169.00
Classic,8,1,6260186.00,13077876.00,19339618.00,1,1,32185010.00
Classic,8,2,6760320.50,12759493.00,13141011.00,2,1,38987187.00
Classic,8,2,6580476.00,12807264.00,12984930.00,2,1,38673398.00
Classic,8,4,6595309.00,12742913.00,9781842.25,4,1,51838590.00
Classic,8,1,6401636.00,13087642.00,19490919.00,1,1,32092336.00
Classic,8,6,6352395.00,12658897.00,8462868.33,6,1,63456964.00
Classic,8,2,6444000.50,12736298.00,12813451.00,2,1,38430353.00
Classic,8,4,6346512.50,12853746.00,9560552.25,4,1,51241977.00
Classic,8,2,6473174.50,12901970.00,12925122.00,2,1,38967362.00
Classic,8,6,6322057.50,12718893.00,8442354.33,6,1,63586364.00
Classic,8,6,6453533.50,12555266.00,8546612.17,6,1,64224954.00
Classic,8,2,6547283.50,12451854.00,12774240.00,2,1,38153682.00
Classic,8,2,6681344.50,12460571.00,12912668.00,2,1,38386615.00
Classic,8,5,6493027.20,12497736.00,8993027.40,5,1,57756792.00
Classic,8,7,6548039.14,12906114.00,8392503.29,7,1,72463372.00
Classic,8,6,6380411.50,12463764.00,8458193.50,6,1,63809411.00
Classic,8,3,6432138.67,12938097.00,10745832.67,3,1,45481855.00
Classic,8,5,6388404.60,12745515.00,8938128.80,5,1,57386429.00
Classic,8,7,6378450.29,12707799.00,8194321.29,7,1,70049909.00
Classic,8,7,6463634.71,12754489.00,8286257.29,7,1,70997552.00
Classic,8,6,6358738.83,12788530.00,8490706.67,6,1,63892519.00
Classic,8,2,6340761.50,12792462.00,12738077.50,2,1,38521145.00
Classic,8,4,6443608.75,12698194.00,9618919.00,4,1,51398820.00
Classic,8,6,6437659.17,12740023.00,8561528.33,6,1,64069815.00
Classic,8,2,6433709.00,12835544.00,12852322.50,2,1,38730795.00
Classic,8,6,6360347.33,12641251.00,8467779.67,6,1,63566712.00
Classic,8,3,6389954.00,12597346.00,10589952.67,3,1,44379256.00
Classic,8,7,6399879.43,12826445.00,8232878.29,7,1,70381250.00
Classic,8,3,6413221.33,12656982.00,10633046.33,3,1,44914459.00
Classic,8,2,6478734.50,12509824.00,12734562.50,2,1,38328794.00
Classic,8,5,6384625.20,12571473.00,8899587.40,5,1,57329585.00
Classic,8,6,6436861.00,12482080.00,8517787.17,6,1,63815159.00
Classic,8,1,6376970.00,13268060.00,19646077.00,1,1,32373151.00
Classic,8,1,6409274.00,12851712.00,19262344.00,1,1,32159134.00
Classic,32,29,6390188.69,12833185.00,6833082.93,29,1,211099134.00
Classic,32,18,6522362.22,12850620.00,7236853.44,18,1,143827517.00
Classic,32,30,6400951.40,13097067.00,6838022.87,30,1,218067729.00
Classic,32,24,6413440.29,12777873.00,6946281.04,24,1,179526049.00
Classic,32,19,6412548.32,12532354.00,7072585.11,19,1,147344559.00
Classic,32,30,6392776.70,12564449.00,6811982.57,30,1,217467190.00
Classic,32,28,6388356.36,12969613.00,6851907.64,28,1,204965843.00
Classic,32,17,6416395.12,12541904.00,7154583.24,17,1,134717388.00
Classic,32,18,6368502.83,13017074.00,7092116.50,18,1,140455555.00
Classic,32,6,6513698.50,12525543.00,8601759.00,6,1,64409562.00
Classic,32,20,6426305.35,12672148.00,7060436.80,20,1,153974780.00
Classic,32,9,6523895.11,12509519.00,7914541.44,9,1,84392889.00
Classic,32,24,6350508.12,12620694.00,6876733.92,24,1,177988980.00
Classic,32,27,6507395.85,12576838.00,6973694.96,27,1,201421249.00
Classic,32,13,6270686.46,12474973.00,7230603.62,13,1,106568042.00
Classic,32,11,6376607.45,12861340.00,7546367.00,11,1,95802648.00
Classic,32,24,6403708.17,12511520.00,6925544.88,24,1,178867302.00
Classic,32,32,6428551.78,13107718.00,6838614.56,32,1,231698972.00
Classic,32,27,6422057.89,12710408.00,6893272.81,27,1,199219265.00
Classic,32,4,6295428.25,12474285.00,9414412.75,4,1,50658013.00
Classic,32,2,6562539.50,12810579.00,12969043.50,2,1,38577557.00
Classic,32,11,6375375.82,12722130.00,7532499.45,11,1,95927387.00
Classic,32,31,6361061.35,12556064.00,6766473.03,31,1,222966127.00
Classic,32,29,6441454.72,12507069.00,6873231.76,29,1,212108480.00
Classic,32,31,6395629.97,12526809.00,6800089.87,31,1,223559287.00
Classic,32,10,6359918.60,12623906.00,7622822.70,10,1,89076550.00
Classic,32,12,6388441.00,12772057.00,7453290.42,12,1,102173184.00
Classic,32,31,6388497.90,12612709.00,6795766.90,31,1,224070478.00
Classic,32,9,6421734.56,12550763.00,7816771.33,9,1,83376184.00
Classic,32,21,6408897.24,12700863.00,7014060.76,21,1,160175988.00
Classic,32,26,6387842.58,12803788.00,6880714.12,26,1,191521170.00
Classic,32,1,6315352.00,13300165.00,19616793.00,1,1,32404339.00
Classic,32,5,6346229.20,12841920.00,8915096.00,5,1,57739966.00
Classic,32,10,6342375.30,12743016.00,7617058.60,10,1,88994218.00
Classic,32,13,6386701.54,12736028.00,7366744.69,13,1,108487756.00
Classic,32,24,6307401.58,12466165.00,6827188.21,24,1,176735181.00
Classic,32,18,6434736.22,13415872.00,7180570.94,18,1,142282095.00
Classic,32,7,6401101.86,12738429.00,8221520.86,7,1,70343596.00
Classic,32,9,6400260.33,12827749.00,7826086.00,9,1,83702577.00
Classic,32,13,6456846.85,12746503.00,7437789.92,13,1,109676717.00
Classic,32,24,6380239.83,12566608.00,6904176.46,24,1,178694304.00
Classic,32,9,6444391.67,12429529.00,7825925.33,9,1,83494614.00
Classic,32,12,6347256.08,12555920.00,7394019.75,12,1,101526671.00
Classic,32,8,6477252.50,12844208.00,8083621.25,8,1,77431616.00
Classic,32,18,6379504.72,12865716.00,7094741.61,18,1,140703090.00
Classic,32,22,6440907.09,12756870.00,7021347.68,22,1,167471773.00
Classic,32,30,6350816.00,12531023.00,6768871.50,30,1,215941736.00
Classic,32,20,6333691.30,12741679.00,6971155.50,20,1,152126471.00
Classic,32,29,6401535.41,12796290.00,6843167.41,29,1,211487359.00
Classic,32,17,6411119.24,12703147.00,7158824.94,17,1,135006172.00
Classic,32,14,6303978.64,12828271.00,7220635.07,14,1,114259332.00
Classic,32,9,6422061.67,12508333.00,7812290.89,9,1,83428273.00
Classic,32,19,6396207.11,12678683.00,7063973.21,19,1,147480339.00
Classic,32,23,6437334.00,12533616.00,6982777.09,23,1,173547326.00
Classic,32,31,6393646.94,12857767.00,6808758.74,31,1,223693514.00
Classic,32,6,6469527.83,12786544.00,8601230.00,6,1,64433283.00
Classic,32,23,6451381.43,13032929.00,7018574.35,23,1,174255778.00
Classic,32,27,6314800.33,13366565.00,6810151.44,27,1,196488774.00
Classic,32,24,6406193.75,12743707.00,6937527.83,24,1,179531770.00
Classic,32,6,6406422.83,12617536.00,8510044.00,6,1,63964295.00
Classic,32,11,6429151.45,13033528.00,7614537.09,11,1,96687073.00
Classic,32,10,6350477.00,13100803.00,7661040.40,10,1,89202469.00
Classic,32,21,6417014.19,12856940.00,7029544.76,21,1,160406247.00
Classic,32,15,6455527.53,12555391.00,7293038.80,15,1,122183657.00
Classic,32,2,6562738.50,12668359.00,12897955.00,2,1,38425798.00
Classic,32,28,6398454.39,12573010.00,6847916.32,28,1,204559176.00
Classic,32,9,6366969.22,12689246.00,7777493.78,9,1,82790976.00
Classic,32,19,6353371.58,12777372.00,7026313.74,19,1,146140161.00
Classic,32,23,6406359.57,12549250.00,6952415.87,23,1,172580936.00
Classic,32,2,6494385.50,12609771.00,12800373.00,2,1,38629954.00
Classic,32,22,6390492.45,13107864.00,6986614.50,22,1,166514110.00
Classic,32,28,6430129.14,12438790.00,6874888.32,28,1,205215880.00
Classic,32,23,6377266.30,12595659.00,6925325.70,23,1,171966573.00
Classic,32,21,6411639.38,12468892.00,7005852.57,21,1,160381017.00
Classic,32,2,6325141.50,12744447.00,12698398.00,2,1,38154086.00
Classic,32,8,6311148.00,12541868.00,7879258.38,8,1,75732040.00
Classic,32,21,6405242.48,12754328.00,7013144.29,21,1,160361195.00
Classic,32,9,6508767.56,12625769.00,7912202.33,9,1,84224880.00
Classic,32,4,6443959.00,12629111.00,9602029.00,4,1,51371813.00
Classic,32,23,6332330.43,12466939.00,6874682.13,23,1,170918968.00
Classic,32,4,6369655.25,13253596.00,9683486.00,4,1,51464995.00
Classic,32,12,6311185.67,12844685.00,7381955.08,12,1,101240993.00
Classic,32,21,6421999.00,12539320.00,7019578.38,21,1,160079071.00
Classic,32,5,6373151.60,12855494.00,8944954.00,5,1,57675061.00
Classic,32,8,6466131.00,12519574.00,8031652.12,8,1,77142188.00
Classic,32,5,6476004.40,12704930.00,9017385.40,5,1,58279639.00
Classic,32,31,6441802.65,12575616.00,6847933.19,31,1,225085014.00
Classic,32,9,6437379.44,12489765.00,7825525.33,9,1,83223070.00
Classic,32,25,6429594.36,12503815.00,6930235.48,25,1,186022657.00
Classic,32,9,6300853.56,12408150.00,7679998.33,9,1,81930143.00
Classic,32,3,6467513.00,12734491.00,10713121.00,3,1,44746936.00
Classic,32,22,6419651.41,12960026.00,7009157.09,22,1,167633237.00
Classic,32,10,6371014.20,12747736.00,7646159.70,10,1,89261220.00
Classic,32,21,6427687.95,12616056.00,7028849.48,21,1,161706497.00
Classic,32,5,6409416.80,12689831.00,8947961.00,5,1,57773722.00
Classic,32,13,6304689.85,13097146.00,7312471.23,13,1,107778923.00
Classic,32,29,6321727.21,12417042.00,6750216.93,29,1,208988563.00
Classic,32,1,6293928.00,12751760.00,19047030.00,1,1,31795659.00
Classic,32,30,6333713.07,12452828.00,6749214.43,30,1,215062814.00
Classic,32,1,6251992.00,12727667.00,18980648.00,1,1,31546311.00
Classic,48,46,6334585.37,12692197.00,6610763.59,46,1,316834686.00
Classic,48,14,6356553.14,12525013.00,7251727.57,14,1,114405478.00
Classic,48,39,6394135.62,12548285.00,6716355.00,39,1,274768743.00
Classic,48,29,6328143.00,12472429.00,6758598.10,29,1,208807625.00
Classic,48,38,6360273.92,12452914.00,6688320.13,38,1,266890679.00
Classic,48,18,6396877.89,12560228.00,7095125.50,18,1,140855223.00
Classic,48,36,6327393.06,12458716.00,6673789.78,36,1,253222954.00
Classic,48,34,6316221.03,12980904.00,6698341.00,34,1,240405790.00
Classic,48,38,6338369.03,12721016.00,6673542.68,38,1,266237099.00
Classic,48,16,6309641.19,12421594.00,7086282.00,16,1,126197919.00
Classic,48,46,6341664.15,12460126.00,6612874.22,46,1,316719963.00
Classic,48,17,6598296.41,12534618.00,7336385.18,17,1,137563451.00
Classic,48,12,6322098.00,12501738.00,7364361.92,12,1,101200997.00
Classic,48,24,6309181.08,12653839.00,6836799.92,24,1,177321079.00
Classic,48,48,6315010.38,12674146.00,6579415.12,48,1,328756253.00
Classic,48,44,6342796.98,12361520.00,6624105.93,44,1,304048036.00
Classic,48,17,6270594.53,12722022.00,7019368.88,17,1,131999129.00
Classic,48,16,6318559.69,12569409.00,7104628.62,16,1,126691361.00
Classic,48,30,6307083.77,12630148.00,6728388.70,30,1,214569687.00
Classic,48,44,6344712.41,12617644.00,6631861.25,44,1,304436910.00
Classic,48,40,6405812.88,12541598.00,6719773.28,40,1,281386968.00
Classic,48,47,6331946.53,12437828.00,6596925.57,47,1,322711943.00
Classic,48,40,6360404.45,12435047.00,6671691.05,40,1,280048956.00
Classic,48,38,6310954.63,12777087.00,6647626.32,38,1,265410546.00
Classic,48,18,6415817.50,12776936.00,7126223.72,18,1,141128767.00
Classic,48,1,6527339.00,12760507.00,19289074.00,1,1,31856287.00
Classic,48,19,6263605.79,12571116.00,6925582.84,19,1,144119134.00
Classic,48,2,6300725.50,12506082.00,12554678.50,2,1,37697940.00
Classic,48,17,6259550.06,12446789.00,6991980.06,17,1,131364643.00
Classic,48,4,6405296.25,12618467.00,9560756.75,4,1,50728987.00
Classic,48,33,6329045.03,12650602.00,6712718.06,33,1,234203543.00
Classic,48,25,6377082.60,12444392.00,6875244.36,25,1,185043812.00
Classic,48,43,6339403.26,12391230.00,6627866.65,43,1,297806888.00
Classic,48,6,6194344.67,12457460.00,8270980.33,6,1,62459703.00
Classic,48,38,6461027.34,12548236.00,6791607.47,38,1,270881610.00
Classic,48,14,6359658.07,12737952.00,7269901.50,14,1,114625745.00
Classic,48,48,6472370.92,12657483.00,6736459.19,48,1,336488301.00
Classic,48,38,6441702.29,12577490.00,6773023.61,38,1,270513784.00
Classic,48,6,6496799.67,12714952.00,8616587.17,6,1,64740222.00
Classic,48,13,6400503.38,13060671.00,7405611.08,13,1,108988037.00
Classic,48,3,6394135.67,12686607.00,10623590.67,3,1,44572097.00
Classic,48,37,6461721.54,12965604.00,6812590.89,37,1,264905697.00
Classic,48,34,6575267.88,12889723.00,6954898.79,34,1,249521155.00
Classic,48,27,6631589.63,13176066.00,7120229.70,27,1,205307091.00
Classic,48,46,6433481.17,12790218.00,6712047.37,46,1,321742158.00
Classic,48,25,6416038.12,12918525.00,6933246.76,25,1,186190686.00
Classic,48,16,6464756.19,12841905.00,7267929.88,16,1,129392321.00
Classic,48,2,6374544.50,12924625.00,12837733.50,2,1,38596354.00
Classic,48,43,6428521.74,12852840.00,6727884.51,43,1,302390700.00
Classic,48,46,6480418.91,12899733.00,6761397.04,46,1,323977166.00
Classic,48,35,6438051.54,12626004.00,6799311.60,35,1,251083987.00
Classic,48,39,6621198.74,12754760.00,6948840.82,39,1,284059208.00
Classic,48,27,6438443.52,12809950.00,6913416.74,27,1,199639529.00
Classic,48,38,6387903.32,12793500.00,6724956.53,38,1,269128469.00
Classic,48,33,6433062.48,12468122.00,6811361.76,33,1,237508136.00
Classic,48,43,6432563.12,12984549.00,6735247.33,43,1,302442178.00
Classic,48,47,6442296.30,13095628.00,6721331.72,47,1,328938358.00
Classic,48,30,6380437.43,12887762.00,6810344.47,30,1,217257610.00
Classic,48,26,6376503.65,12951853.00,6874963.04,26,1,191990195.00
Classic,48,1,6373863.00,13508963.00,19883834.00,1,1,32786184.00
Classic,48,22,6497157.59,12485094.00,7065205.91,22,1,168234744.00
Classic,48,17,6413560.59,12781682.00,7165872.76,17,1,134783750.00
Classic,48,3,6386476.33,12765241.00,10642418.67,3,1,44821456.00
Classic,48,7,7208749.29,12665743.00,9018835.14,7,1,75881862.00
Classic,48,41,6437245.76,12912075.00,6752637.51,41,1,290558784.00
Classic,48,35,6415716.83,12628774.00,6777129.74,35,1,250073558.00
Classic,48,10,6437328.20,12567569.00,7694530.50,10,1,90158562.00
Classic,48,7,6441197.43,12888951.00,8282997.14,7,1,71234783.00
Classic,48,15,6475448.00,12788334.00,7328614.73,15,1,123060389.00
Classic,48,47,6482500.70,12691802.00,6753166.09,47,1,330360022.00
Classic,48,14,6457450.71,12759471.00,7369331.71,14,1,116605306.00
Classic,48,48,6446354.42,13011564.00,6717881.62,48,1,335658672.00
Classic,48,32,6406007.88,12742513.00,6805585.12,32,1,230660716.00
Classic,48,32,6409454.97,13237552.00,6823613.62,32,1,231268131.00
Classic,48,36,6400082.64,12810322.00,6756366.58,36,1,256185432.00
Classic,48,4,6735801.25,12550918.00,9874465.50,4,1,52537540.00
Classic,48,13,6395009.00,12544772.00,7360411.38,13,1,108792907.00
Classic,48,11,6467156.36,12700010.00,7622234.73,11,1,96620857.00
Classic,48,35,6417518.29,12612285.00,6778738.71,35,1,250134319.00
Classic,48,15,6517346.40,12673390.00,7362933.00,15,1,123338417.00
Classic,48,32,6446265.47,12795729.00,6846762.38,32,1,231694333.00
Classic,48,29,6473895.48,12691482.00,6912087.41,29,1,213294340.00
Classic,48,13,6677285.31,13093191.00,7685214.62,13,1,112711171.00
Classic,48,4,6668104.00,13478717.00,10038568.50,4,1,53611144.00
Classic,48,7,6329869.86,12622855.00,8133651.29,7,1,69758951.00
Classic,48,26,6437898.15,13423062.00,6954758.31,26,1,193495174.00
Classic,48,30,6416025.67,13272680.00,6859446.30,30,1,219280628.00
Classic,48,8,6540919.38,12512593.00,8105862.62,8,1,77654414.00
Classic,48,27,6429570.48,13078404.00,6914469.26,27,1,199406606.00
Classic,48,40,6449784.65,13080215.00,6777347.62,40,1,284173704.00
Classic,48,12,6394017.08,12617557.00,7446019.92,12,1,102026467.00
Classic,48,10,6718182.40,12418572.00,7960708.60,10,1,92278752.00
Classic,48,19,6496392.11,12725729.00,7166581.68,19,1,149309102.00
Classic,48,37,6447018.95,12954619.00,6797593.46,37,1,264345832.00
Classic,48,19,6460827.89,12515845.00,7120019.95,19,1,148328138.00
Classic,48,8,6619794.12,12847224.00,8226411.25,8,1,78633681.00
Classic,48,34,6405243.76,12897242.00,6784969.18,34,1,243539738.00
Classic,48,34,6410310.50,12558716.00,6780040.50,34,1,243476552.00
Classic,48,38,6534412.71,12854425.00,6873198.05,38,1,274023707.00
Classic,48,35,6542552.34,13200549.00,6920198.43,35,1,255101564.00
Classic,56,12,6408469.42,12898093.00,7483752.25,12,1,102709531.00
Classic,56,14,6413536.79,12725696.00,7323031.86,14,1,115492554.00
Classic,56,40,6430989.65,12693044.00,6748698.35,40,1,282931896.00
Classic,56,28,6439875.54,12732405.00,6895047.86,28,1,206004842.00
Classic,56,42,6465670.50,12482792.00,6763566.17,42,1,296821757.00
Classic,56,5,6416626.40,12587558.00,8934858.00,5,1,57352847.00
Classic,56,9,6407535.56,12527355.00,7800008.33,9,1,83502321.00
Classic,56,33,6467224.36,12681061.00,6851918.58,33,1,239103787.00
Classic,56,42,6428920.19,12949408.00,6737679.76,42,1,295783201.00
Classic,56,34,6418917.38,12558275.00,6788696.88,34,1,243933845.00
Classic,56,18,6387428.56,12730542.00,7095174.28,18,1,140661721.00
Classic,56,34,6390459.71,12810106.00,6767712.21,34,1,243085290.00
Classic,56,2,6564775.00,12772645.00,12952354.50,2,1,38680188.00
Classic,56,5,6599009.20,12542673.00,9108485.00,5,1,58131203.00
Classic,56,14,6378867.57,12485131.00,7271056.07,14,1,114372331.00
Classic,56,39,6376623.03,12697433.00,6702674.23,39,1,274115410.00
Classic,56,27,6305162.52,12466897.00,6767279.33,27,1,195276127.00
Classic,56,33,6348198.36,12492408.00,6727194.24,33,1,235094456.00
Classic,56,2,6288273.50,12585277.00,12581739.00,2,1,37832063.00
Classic,56,31,6390766.84,12656884.00,6799505.16,31,1,223495264.00
Classic,56,22,6342473.45,12627029.00,6916890.73,22,1,165041896.00
Classic,56,4,6426235.50,12846294.00,9638575.25,4,1,51339408.00
Classic,56,52,6360343.56,12528880.00,6601708.04,52,1,355905392.00
Classic,56,4,6474944.75,12574804.00,9619486.25,4,1,51088429.00
Classic,56,46,6361335.22,12517507.00,6633797.17,46,1,317807205.00
Classic,56,27,6320933.41,12790710.00,6795030.26,27,1,196157390.00
Classic,56,33,6397337.24,12467493.00,6775620.00,33,1,237642626.00
Classic,56,20,6391621.90,12478925.00,7016069.15,20,1,153492040.00
Classic,56,2,6293348.50,12901283.00,12744876.50,2,1,38242591.00
Classic,56,35,6360428.49,12796990.00,6726441.54,35,1,248249120.00
Classic,56,52,6319023.12,12375718.00,6557405.79,52,1,354151674.00
Classic,56,44,6329736.05,12670326.00,6618069.93,44,1,304085746.00
Classic,56,17,6426754.29,12765791.00,7178263.94,17,1,134794741.00
Classic,56,34,6361788.44,12710642.00,6736060.59,34,1,241994068.00
Classic,56,37,6398536.41,13010091.00,6750695.81,37,1,262435148.00
Classic,56,39,6313605.03,12618149.00,6637516.08,39,1,271815726.00
Classic,56,38,6380010.50,12924163.00,6720543.47,38,1,268161897.00
Classic,56,51,6382304.39,13262583.00,6642853.02,51,1,351516389.00
Classic,56,48,6356991.65,12660069.00,6621133.04,48,1,330674546.00
Classic,56,21,6371962.00,13014726.00,6992178.57,21,1,159399611.00
Classic,56,14,6447806.93,12745116.00,7358722.71,14,1,116136830.00
Classic,56,9,6358889.78,12482655.00,7746419.22,9,1,82425408.00
Classic,56,32,6385313.97,12552576.00,6778013.66,32,1,229688149.00
Classic,56,13,6262449.15,14049385.00,7343495.92,13,1,108074279.00
Classic,56,1,6650899.00,12756605.00,19409358.00,1,1,32679831.00
Classic,56,4,6216816.00,12383780.00,9313132.75,4,1,49965799.00
Classic,56,8,6261191.50,12541622.00,7829336.88,8,1,75222481.00
Classic,56,29,6338127.21,12719530.00,6777142.69,29,1,209305301.00
Classic,56,48,6354862.92,12477567.00,6615260.17,48,1,330500510.00
Classic,56,44,6365366.64,12917284.00,6659453.86,44,1,306119257.00
Classic,56,34,6348172.26,13188475.00,6736557.09,34,1,241870846.00
Classic,56,36,6350333.78,12626609.00,6701527.58,36,1,254236214.00
Classic,56,3,6386694.33,12769778.00,10644067.33,3,1,44678730.00
Classic,56,26,6358375.81,12537896.00,6841122.85,26,1,190706285.00
Classic,56,37,6472671.84,12452863.00,6809752.16,37,1,264679098.00
Classic,56,52,6411838.00,12541813.00,6653616.12,52,1,358918020.00
Classic,56,25,6409655.84,12612116.00,6914732.20,25,1,185681038.00
Classic,56,22,6674522.32,12527093.00,7244446.05,22,1,172137181.00
Classic,56,49,6390511.69,12482605.00,6645737.49,49,1,338830685.00
Classic,56,46,6381172.46,12510814.00,6653547.00,46,1,319106459.00
Classic,56,9,6323731.33,12450721.00,7707531.78,9,1,82085523.00
Classic,56,49,6355050.06,12453552.00,6609571.98,49,1,336904672.00
Classic,56,9,7156769.44,13314423.00,8637243.78,9,1,90395618.00
Classic,56,53,6381511.21,12766901.00,6622946.00,53,1,363822196.00
Classic,56,8,6505946.62,12861175.00,8114309.75,8,1,77572590.00
Classic,56,39,6445561.92,13003249.00,6779514.74,39,1,277184067.00
Classic,56,42,6355853.55,12588474.00,6656092.14,42,1,292243889.00
Classic,56,19,6437200.16,12500827.00,7095902.74,19,1,148376593.00
Classic,56,52,6384257.69,12695232.00,6628975.98,52,1,357603464.00
Classic,56,12,6381438.83,13235776.00,7485145.25,12,1,103093797.00
Classic,56,22,6378211.50,12543411.00,6948876.73,22,1,165657034.00
Classic,56,39,6391878.05,12713826.00,6718421.23,39,1,274749837.00
Classic,56,55,6358268.02,12818411.00,6591881.00,55,1,375236201.00
Classic,56,14,6393355.07,12706449.00,7301598.36,14,1,115133316.00
Classic,56,51,6383155.16,12464985.00,6628162.04,51,1,351253268.00
Classic,56,23,6376493.48,12363561.00,6914471.65,23,1,172100290.00
Classic,56,39,6334226.08,13102092.00,6670542.90,39,1,272807641.00
Classic,56,18,6348525.39,12647793.00,7051786.44,18,1,140327082.00
Classic,56,14,6348706.36,12533807.00,7244652.00,14,1,114328525.00
Classic,56,42,6418436.52,13873170.00,6749147.95,42,1,296350051.00
Classic,56,11,6313139.45,12566512.00,7455922.45,11,1,94687295.00
Classic,56,21,6588943.81,12474852.00,7183626.43,21,1,163837231.00
Classic,56,18,6358962.61,12432561.00,7050248.72,18,1,139535927.00
Classic,56,24,6376922.62,12806319.00,6911054.25,24,1,178782344.00
Classic,56,48,6450008.54,12482734.00,6710508.40,48,1,335222946.00
Classic,56,11,6340728.36,12593439.00,7486056.73,11,1,95102963.00
Classic,56,15,6337457.27,12480048.00,7169811.87,15,1,120142924.00
Classic,56,12,6420106.00,12863372.00,7492688.33,12,1,102966342.00
Classic,56,51,6410258.76,12915640.00,6663888.06,51,1,352511464.00
Classic,56,46,6522050.39,12858585.00,6801981.72,46,1,325804944.00
Classic,56,17,6354728.18,12623840.00,7097706.76,17,1,133423439.00
Classic,56,11,6605766.73,12836358.00,7773246.27,11,1,98445625.00
Classic,56,39,6571636.05,13890888.00,6928345.26,39,1,283808586.00
Classic,56,12,6715806.50,13540842.00,7844657.58,12,1,106735595.00
Classic,56,12,6521116.92,12718996.00,7581863.50,12,1,104111074.00
Classic,56,53,6354284.28,12771350.00,6595699.21,53,1,362305143.00
Classic,56,19,6362990.32,12513909.00,7022062.32,19,1,146542707.00
Classic,56,46,6448058.54,12643176.00,6723466.54,46,1,322393966.00
Classic,56,48,6391200.65,13642398.00,6675922.56,48,1,333320248.00
Classic,56,1,6424622.00,13530620.00,19956336.00,1,1,33147122.00
Classic,250,31,6375961.23,12624170.00,6783602.35,31,1,223008597.00
Classic,250,99,6403057.55,12542242.00,6530136.66,99,1,659543873.00
Classic,250,208,6403715.25,12837746.00,6465886.12,208,1,1357895059.00
Classic,250,36,6396095.36,12843586.00,6753376.92,36,1,255898282.00
Classic,250,13,6401067.77,12488138.00,7362232.15,13,1,108604126.00
Classic,250,82,6382401.70,12431532.00,6534517.13,82,1,548841401.00
Classic,250,233,6402887.21,12829770.00,6458478.41,233,1,1518453607.00
Classic,250,167,6398184.17,12543087.00,6473707.37,167,1,1094005251.00
Classic,250,188,6411990.36,13044782.00,6481763.30,188,1,1231539553.00
Classic,250,239,6362826.36,12666036.00,6416249.15,239,1,1546502324.00
Classic,250,61,6357017.28,12867972.00,6568398.89,61,1,413489428.00
Classic,250,113,6455111.51,12754041.00,6568378.99,113,1,755546986.00
Classic,250,195,6362780.56,12577171.00,6427836.21,195,1,1266850595.00
Classic,250,56,6436760.02,12549327.00,6661339.55,56,1,385801618.00
Classic,250,57,6400947.53,12461924.00,6620123.70,57,1,390167354.00
Classic,250,85,6406659.72,12844412.00,6558331.48,85,1,570677333.00
Classic,250,214,6410339.93,12626109.00,6469889.33,214,1,1397843941.00
Classic,250,111,6381471.70,12952009.00,6498558.04,111,1,734475266.00
Classic,250,23,6374711.57,12514919.00,6919300.65,23,1,172506495.00
Classic,250,35,6345437.60,12450671.00,6701595.20,35,1,247264397.00
Classic,250,243,6352867.37,12576168.00,6405020.53,243,1,1569641779.00
Classic,250,7,6381591.57,12781985.00,8208342.86,7,1,70150996.00
Classic,250,44,6366810.75,12681300.00,6655478.09,44,1,305578902.00
Classic,250,65,6365022.02,12449116.00,6556931.49,65,1,439078601.00
Classic,250,18,6381684.67,12583766.00,7081307.22,18,1,140631974.00
Classic,250,28,6396038.11,12507293.00,6843175.00,28,1,204885950.00
Classic,250,114,6353468.94,12658103.00,6464949.99,114,1,750019459.00
Classic,250,197,6407238.23,12893612.00,6473121.98,197,1,1288229177.00
Classic,250,108,6371561.19,12628369.00,6488877.11,108,1,713753526.00
Classic,250,147,6367361.35,12791536.00,6454780.93,147,1,961700346.00
Classic,250,44,6339822.20,12750391.00,6630013.43,44,1,304613065.00
Classic,250,171,6379938.68,12515947.00,6453532.33,171,1,1116401721.00
Classic,250,90,6384201.91,12635288.00,6525051.11,90,1,600265023.00
Classic,250,223,6420161.70,12585288.00,6477114.93,223,1,1457868023.00
Classic,250,196,6372171.91,12516929.00,6436530.15,196,1,1275428227.00
Classic,250,92,6362737.67,12728645.00,6501501.58,92,1,611111351.00
Classic,250,90,6362759.36,12557823.00,6502783.01,90,1,598369371.00
Classic,250,188,6387140.82,12935528.00,6456381.28,188,1,1226891520.00
Classic,250,77,6371324.04,12794779.00,6537884.58,77,1,516754472.00
Classic,250,236,6363100.10,12602445.00,6416918.53,236,1,1527657943.00
Classic,250,152,6373394.92,12460997.00,6455772.16,152,1,994548173.00
Classic,250,98,6359586.32,12474359.00,6487295.47,98,1,648605294.00
Classic,250,57,6353047.70,12671498.00,6575794.56,57,1,388287794.00
Classic,250,189,6385309.23,12681627.00,6452856.31,189,1,1233065881.00
Classic,250,75,6462888.67,12602021.00,6631360.07,75,1,510527330.00
Classic,250,126,6412426.41,12561845.00,6512607.47,126,1,833576224.00
Classic,250,228,6392997.28,13280452.00,6451907.51,228,1,1484109788.00
Classic,250,74,6379525.49,12524676.00,6549254.12,74,1,497588079.00
Classic,250,170,6419186.02,12848298.00,6495391.82,170,1,1117049614.00
Classic,250,123,6398949.96,12727318.00,6502863.03,123,1,812898602.00
Classic,250,126,6390311.37,12779196.00,6492154.60,126,1,830911334.00
Classic,250,239,6412752.28,12563209.00,6465735.26,239,1,1558585351.00
Classic,250,148,6383414.02,12888642.00,6470893.43,148,1,970789100.00
Classic,250,32,6380651.47,12947952.00,6785784.69,32,1,230352505.00
Classic,250,48,6394243.33,12529736.00,6655706.75,48,1,332212501.00
Classic,250,70,6385100.97,12524133.00,6564528.73,70,1,472710517.00
Classic,250,220,6409297.27,12771241.00,6467881.30,220,1,1435911121.00
Classic,250,125,6418669.30,13353864.00,6526016.85,125,1,828917307.00
Classic,250,61,6427113.18,12934255.00,6639725.84,61,1,417742456.00
Classic,250,166,6405309.42,12671132.00,6482178.99,166,1,1089022772.00
Classic,250,43,6367565.02,12821924.00,6666353.07,43,1,299373763.00
Classic,250,36,6424004.08,12600294.00,6774735.61,36,1,257195952.00
Classic,250,243,6401616.77,12477728.00,6453485.21,243,1,1581468287.00
Classic,250,215,6396570.85,12614862.00,6455627.00,215,1,1401105188.00
Classic,250,198,6366919.81,12508732.00,6430639.86,198,1,1286702727.00
Classic,250,168,6426528.07,12668884.00,6502338.51,168,1,1105375423.00
Classic,250,176,6443497.66,12454114.00,6514714.05,176,1,1159921741.00
Classic,250,142,6419821.23,12630155.00,6509307.89,142,1,937642164.00
Classic,250,41,6443683.10,12890558.00,6758681.37,41,1,290365954.00
Classic,250,24,6363331.58,13110884.00,6910133.71,24,1,179788382.00
Classic,250,156,6382919.36,12449911.00,6463147.61,156,1,1021268108.00
Classic,250,13,6460384.69,12579491.00,7428788.92,13,1,109562780.00
Classic,250,24,6318364.46,12690199.00,6847504.46,24,1,177326507.00
Classic,250,7,6335290.43,12481868.00,8118931.57,7,1,69637077.00
Classic,250,8,6469198.12,12742404.00,8062723.62,8,1,77400724.00
Classic,250,160,6361820.26,12813719.00,6442305.03,160,1,1044015691.00
Classic,250,171,6393675.78,12668079.00,6468188.50,171,1,1119078956.00
Classic,250,67,6347137.33,12463357.00,6533536.10,67,1,450868066.00
Classic,250,164,6425314.18,12576111.00,6502410.49,164,1,1079165188.00
Classic,250,132,6416979.30,12600032.00,6512864.70,132,1,872517963.00
Classic,250,81,6376364.05,12843238.00,6535366.51,81,1,542397881.00
Classic,250,217,6410749.22,13298050.00,6472584.58,217,1,1417934724.00
Classic,250,121,6522621.55,12851908.00,6629429.61,121,1,815318777.00
Classic,250,207,6420147.07,13271933.00,6484882.34,207,1,1355344617.00
Classic,250,143,6375696.27,12598377.00,6464203.80,143,1,937664982.00
Classic,250,180,6383420.99,12709204.00,6454445.18,180,1,1174916106.00
Classic,250,165,6364306.24,12854708.00,6442626.10,165,1,1076298672.00
Classic,250,97,6368554.55,12723856.00,6500129.52,97,1,643612833.00
Classic,250,71,6424636.39,12536119.00,6601686.15,71,1,481845292.00
Classic,250,242,6429517.96,12932785.00,6483488.89,242,1,1582498763.00
Classic,250,12,6406368.17,12553393.00,7452994.42,12,1,102263265.00
Classic,250,60,6388897.30,12633300.00,6599938.13,60,1,409203055.00
Classic,250,89,6472870.67,12461441.00,6613551.82,89,1,601629002.00
Classic,250,42,6334370.50,12465724.00,6631496.14,42,1,291177241.00
Classic,250,47,6509588.15,12795811.00,6782312.57,47,1,331816825.00
Classic,250,91,6376594.43,12530264.00,6514709.34,91,1,605652087.00
Classic,250,25,6373797.16,12851389.00,6888232.24,25,1,185623330.00
Classic,250,168,6384401.51,12436237.00,6458829.24,168,1,1098588421.00
Classic,250,108,6426812.87,12851277.00,6546326.89,108,1,719920560.00
Classic,250,121,6384518.87,12497073.00,6488214.02,121,1,798113554.00
Classic,400,233,6381299.92,12867369.00,6436946.30,233,1,1513081289.00
Classic,400,371,6388228.73,12718370.00,6422905.70,371,1,2397079607.00
Classic,400,283,6371918.83,13632476.00,6420438.41,283,1,1830202859.00
Classic,400,236,6387899.06,13092253.00,6443755.17,236,1,1534005008.00
Classic,400,399,6407977.98,13193247.00,6441553.65,399,1,2583663591.00
Classic,400,368,6389984.83,12649722.00,6424823.42,368,1,2377518941.00
Classic,400,36,6425738.61,13438398.00,6799514.14,36,1,257745029.00
Classic,400,9,6494323.89,12400710.00,7872612.33,9,1,84144728.00
Classic,400,361,6380643.83,12457699.00,6415587.35,361,1,2329425427.00
Classic,400,107,6382273.53,12570505.00,6500223.65,107,1,708461646.00
Classic,400,283,6369044.55,12528630.00,6413707.48,283,1,1828214599.00
Classic,400,110,6369293.71,12847682.00,6486540.24,110,1,726499474.00
Classic,400,241,6437505.84,12959474.00,6491772.42,241,1,1577717645.00
Classic,400,97,6354340.87,12590983.00,6484478.31,97,1,642420788.00
Classic,400,375,6387925.83,13032927.00,6423136.70,375,1,2422418390.00
Classic,400,155,6457207.94,13294186.00,6543531.01,155,1,1027383522.00
Classic,400,136,6415885.49,12790256.00,6510481.82,136,1,898434186.00
Classic,400,63,6429227.48,12853611.00,6633864.54,63,1,431019251.00
Classic,400,6,6359106.83,12570223.00,8454914.50,6,1,63751245.00
Classic,400,320,6404737.22,13057660.00,6446066.91,320,1,2076081242.00
Classic,400,210,6367489.01,12892337.00,6429299.16,210,1,1363308536.00
Classic,400,218,6418752.57,12831522.00,6478262.82,218,1,1425430775.00
Classic,400,222,6400626.76,12496268.00,6457418.93,222,1,1447046032.00
Classic,400,22,6299398.36,12575101.00,6871306.82,22,1,163918960.00
Classic,400,244,6388729.92,12590921.00,6440887.00,244,1,1584730206.00
Classic,400,335,6397277.34,12493533.00,6435068.86,335,1,2168905045.00
Classic,400,331,6394239.50,12783445.00,6433340.80,331,1,2142743286.00
Classic,400,261,6407011.74,12540539.00,6455612.46,261,1,1698344680.00
Classic,400,190,6365464.68,12848236.00,6433544.54,190,1,1235564482.00
Classic,400,185,6366251.43,12403835.00,6433723.04,185,1,1203316216.00
Classic,400,247,6350656.89,12474039.00,6401529.19,247,1,1594222960.00
Classic,400,23,6363526.91,12436231.00,6904726.13,23,1,171493339.00
Classic,400,119,6343300.00,12414974.00,6447968.74,119,1,780293373.00
Classic,400,113,6368008.63,12677763.00,6480585.23,113,1,745285466.00
Classic,400,262,6360353.95,12623507.00,6408880.83,262,1,1692119094.00
Classic,400,232,6436220.97,12697082.00,6491373.88,232,1,1518987765.00
Classic,400,289,6428487.49,12765407.00,6473214.92,289,1,1885249056.00
Classic,400,287,6400261.90,12571245.00,6444491.81,287,1,1862810786.00
Classic,400,69,6450203.07,13668070.00,6648755.52,69,1,471704840.00
Classic,400,290,6397799.77,12711697.00,6442013.81,290,1,1882744303.00
Classic,400,230,6358185.22,12596232.00,6413319.39,230,1,1488233065.00
Classic,400,92,6392973.25,12705188.00,6531495.49,92,1,613819875.00
Classic,400,222,6437338.52,12610095.00,6494621.40,222,1,1455028672.00
Classic,400,276,6370628.02,12493255.00,6416320.37,276,1,1784236121.00
Classic,400,21,6394474.14,12470572.00,6988755.10,21,1,159583803.00
Classic,400,389,6376632.39,12588514.00,6409405.23,389,1,2506389373.00
Classic,400,207,6360314.02,12400659.00,6420643.95,207,1,1342149190.00
Classic,400,396,6368966.66,12569459.00,6401128.96,396,1,2547999361.00
Classic,400,342,6354886.89,12469482.00,6391829.95,342,1,2199630377.00
Classic,400,108,6363449.40,12808656.00,6482465.40,108,1,712973464.00
Classic,400,153,6349802.63,12648419.00,6432871.88,153,1,997213235.00
Classic,400,24,6431812.50,12556058.00,6955504.75,24,1,179888599.00
Classic,400,114,6495195.72,12731566.00,6607400.38,114,1,766669972.00
Classic,400,372,6410708.17,12736948.00,6445480.03,372,1,2411293689.00
Classic,400,32,6352912.62,12518539.00,6744570.44,32,1,228717929.00
Classic,400,17,6451583.59,12497815.00,7187325.76,17,1,135181230.00
Classic,400,95,6364197.76,12628325.00,6497464.27,95,1,630212746.00
Classic,400,43,6340049.19,12494441.00,6631020.98,43,1,298104988.00
Classic,400,43,6362271.02,12524279.00,6653973.42,43,1,299234555.00
Classic,400,111,6401565.83,12477172.00,6514384.57,111,1,736233981.00
Classic,400,311,6386026.60,12535977.00,6426712.21,311,1,2011924068.00
Classic,400,40,6391080.00,12486319.00,6703621.22,40,1,281005221.00
Classic,400,62,6418399.53,12878933.00,6626544.29,62,1,423923064.00
Classic,400,58,6378304.59,12602463.00,6596005.67,58,1,395569110.00
Classic,400,216,6434674.71,12545371.00,6493214.45,216,1,1415644337.00
Classic,400,214,6407647.49,13086609.00,6469448.32,214,1,1397588632.00
Classic,400,317,6465796.83,12729975.00,6506518.01,317,1,2075733156.00
Classic,400,389,6425186.86,12780513.00,6458506.59,389,1,2525744535.00
Classic,400,171,6488580.73,12643285.00,6563043.84,171,1,1135624916.00
Classic,400,20,6445886.50,12553797.00,7073960.45,20,1,154696797.00
Classic,400,307,6512193.19,12456535.00,6553251.47,307,1,2026099032.00
Classic,400,309,6390169.03,12636161.00,6431365.57,309,1,2000323104.00
Classic,400,270,6396158.66,12471816.00,6442692.18,270,1,1752939957.00
Classic,400,237,6379588.29,12627174.00,6433188.79,237,1,1537746973.00
Classic,400,12,6346016.17,12425899.00,7382367.33,12,1,101231808.00
Classic,400,257,6440585.58,12499260.00,6489742.77,257,1,1681765627.00
Classic,400,390,6460826.04,13019498.00,6494821.48,390,1,2546441088.00
Classic,400,396,6464038.62,12871311.00,6497090.62,396,1,2586737641.00
Classic,400,8,6413742.88,12487396.00,7975519.00,8,1,76731519.00
Classic,400,68,6421005.34,12858570.00,6610584.76,68,1,462439495.00
Classic,400,317,6485029.81,13112106.00,6526896.45,317,1,2082064705.00
Classic,400,268,6577580.69,13798551.00,6629745.90,268,1,1790316521.00
Classic,400,138,6584971.77,12689766.00,6677555.73,138,1,935720224.00
Classic,400,128,6442846.32,12748166.00,6542947.45,128,1,850382707.00
Classic,400,93,6497503.27,13326780.00,6641292.48,93,1,630760058.00
Classic,400,187,6504125.74,12810709.00,6573037.22,187,1,1242750715.00
Classic,400,156,6521551.08,12831922.00,6604383.35,156,1,1043372159.00
Classic,400,217,6480679.00,13276661.00,6542397.80,217,1,1432991922.00
Classic,400,65,6431582.85,12659109.00,6626971.35,65,1,443891028.00
Classic,400,91,6482145.62,12429784.00,6619236.11,91,1,615260164.00
Classic,400,190,6423551.33,13202818.00,6493426.03,190,1,1246914172.00
Classic,400,299,6441134.92,12754091.00,6484453.98,299,1,1952221614.00
Classic,400,12,6605728.00,13099065.00,7698115.83,12,1,105699171.00
Classic,400,343,6600330.94,12752494.00,6637989.85,343,1,2290166829.00
Classic,400,355,6500729.84,12380662.00,6536122.72,355,1,2334103095.00
Classic,400,397,6522374.46,13691330.00,6557232.10,397,1,2616536986.00
Classic,400,360,6499406.50,12817353.00,6535352.87,360,1,2366199577.00
Classic,400,378,6453810.57,13095097.00,6488810.72,378,1,2466109188.00
Classic,400,287,6508011.43,12510010.00,6551945.21,287,1,1893454009.00
Classic,400,73,6496654.01,12674555.00,6670653.33,73,1,500202076.00
Classic,490,358,6481742.70,12909180.00,6518147.67,358,1,2347372512.00
Classic,490,142,6491207.92,12685223.00,6580896.01,142,1,948003086.00
Classic,490,110,6544595.48,12721436.00,6660644.75,110,1,746189000.00
Classic,490,31,6416136.55,13170192.00,6841395.29,31,1,225527036.00
Classic,490,440,6499519.03,12662246.00,6528658.83,440,1,2886498319.00
Classic,490,398,6511607.73,12638388.00,6543694.39,398,1,2617876448.00
Classic,490,343,6488165.66,12918649.00,6526248.59,343,1,2252422411.00
Classic,490,172,6487974.65,12648320.00,6561858.30,172,1,1141958746.00
Classic,490,332,6467017.16,13359320.00,6507615.53,332,1,2173828705.00
Classic,490,79,6607751.11,12668964.00,6768523.99,79,1,547797271.00
Classic,490,425,6457489.59,12523482.00,6487300.34,425,1,2771217111.00
Classic,490,43,6403654.60,12698823.00,6699347.72,43,1,301156751.00
Classic,490,125,6426875.20,12673025.00,6528595.90,125,1,829295562.00
Classic,490,11,6338572.18,12592424.00,7483813.18,11,1,95138567.00
Classic,490,351,6426238.71,12424904.00,6461968.02,351,1,2281403709.00
Classic,490,212,6401049.46,12798095.00,6461843.57,212,1,1383699632.00
Classic,490,431,6428471.39,13384702.00,6459849.58,431,1,2797485079.00
Classic,490,389,6436501.86,12797010.00,6469726.93,389,1,2530305906.00
Classic,490,25,6455011.48,12415482.00,6952080.40,25,1,186904558.00
Classic,490,280,6430591.48,12536229.00,6475665.99,280,1,1826689984.00
Classic,490,143,6405935.39,12841324.00,6496083.60,143,1,941920232.00
Classic,490,241,6409383.78,12742763.00,6462609.14,241,1,1570856720.00
Classic,490,98,6500123.07,12491021.00,6628197.78,98,1,662408388.00
Classic,490,420,6445324.79,12748322.00,6475999.76,420,1,2734091967.00
Classic,490,14,6452835.00,12506499.00,7346622.21,14,1,115572451.00
Classic,490,260,6407927.37,12792877.00,6457461.60,260,1,1691915515.00
Classic,490,15,6370790.93,12661982.00,7215370.00,15,1,121432064.00
Classic,490,104,6446345.92,12718021.00,6569079.41,104,1,696313463.00
Classic,490,185,6417984.99,12739348.00,6487184.45,185,1,1213097380.00
Classic,490,443,6434440.35,12559466.00,6463160.66,443,1,2877354034.00
Classic,490,65,6526427.66,13686892.00,6737420.37,65,1,451523937.00
Classic,490,102,6422977.40,12661960.00,6547471.95,102,1,680610310.00
Classic,490,220,6454596.00,12734664.00,6512803.03,220,1,1446004481.00
Classic,490,133,6488242.65,12803299.00,6585001.76,133,1,889219754.00
Classic,490,198,6462305.30,12875439.00,6527658.31,198,1,1305439489.00
Classic,490,451,6447638.63,12907793.00,6476596.62,451,1,2934249369.00
Classic,490,354,6478625.99,12648268.00,6514682.93,354,1,2319369221.00
Classic,490,112,6440689.55,12854951.00,6555821.16,112,1,747223162.00
Classic,490,466,6469121.69,12472391.00,6496211.38,466,1,3040705900.00
Classic,490,223,6450583.54,12645092.00,6507638.22,223,1,1464669817.00
Classic,490,415,6442359.07,13669467.00,6475618.22,415,1,2700602465.00
Classic,490,84,6483119.85,12927814.00,6637438.24,84,1,570782201.00
Classic,490,227,6427374.55,12387674.00,6482272.15,227,1,1484778990.00
Classic,490,212,6474988.72,12454360.00,6534105.92,212,1,1398291827.00
Classic,490,399,6475088.84,12535101.00,6506855.86,399,1,2609435556.00
Classic,490,171,6497304.62,12773806.00,6572372.22,171,1,1137045493.00
Classic,490,25,6605818.40,12930010.00,7123441.68,25,1,191466672.00
Classic,490,312,6434924.84,12538118.00,6475449.03,312,1,2033678404.00
Classic,490,429,6451911.93,12818626.00,6482106.01,429,1,2794146588.00
Classic,490,109,6389067.80,12556545.00,6504642.81,109,1,722083863.00
Classic,490,110,6408478.32,12557629.00,6523050.44,110,1,730568617.00
Classic,490,193,6442848.74,12589313.00,6508427.97,193,1,1269447837.00
Classic,490,41,6487079.71,12577914.00,6794374.00,41,1,291773540.00
Classic,490,246,6489205.25,13020141.00,6542469.64,246,1,1622901305.00
Classic,490,193,6478252.15,12542112.00,6545787.91,193,1,1276485860.00
Classic,490,78,6456774.74,12629479.00,6619129.69,78,1,529456593.00
Classic,490,251,6406312.60,12857784.00,6458134.71,251,1,1634101855.00
Classic,490,308,6454797.28,12784133.00,6496656.72,308,1,2014352113.00
Classic,490,91,6533738.13,12672925.00,6673391.76,91,1,620437790.00
Classic,490,155,6426584.22,12652303.00,6508584.53,155,1,1021886356.00
Classic,490,213,6456474.16,12595181.00,6515977.39,213,1,1401048660.00
Classic,490,35,6448804.09,12645544.00,6810535.89,35,1,251988067.00
Classic,490,125,6489459.99,12564955.00,6590368.66,125,1,836805282.00
Classic,490,409,6456649.61,12518143.00,6487589.79,409,1,2666734732.00
Classic,490,476,6436707.04,12716986.00,6463756.34,476,1,3090225461.00
Classic,490,135,6412508.96,12662897.00,6506772.06,135,1,891740576.00
Classic,490,389,6435401.80,12824385.00,6468706.48,389,1,2530247521.00
Classic,490,157,6454146.38,12744417.00,6535658.64,157,1,1039324106.00
Classic,490,6,6555869.67,13485512.00,8804150.33,6,1,65850662.00
Classic,490,103,6442193.87,12826319.00,6567115.28,103,1,689469663.00
Classic,490,342,6406133.87,12742932.00,6443710.71,342,1,2216920868.00
Classic,490,42,6392244.40,13071381.00,6703871.69,42,1,294539418.00
Classic,490,125,6439229.53,12546689.00,6539988.98,125,1,830590141.00
Classic,490,477,6420872.47,12422695.00,6447275.56,477,1,3088703332.00
Classic,490,79,6441182.16,12436088.00,6598899.30,79,1,534271004.00
Classic,490,421,6437617.38,12599326.00,6467879.34,421,1,2736272015.00
Classic,490,223,6407868.56,12521763.00,6464372.05,223,1,1454645778.00
Classic,490,227,6387905.44,12464590.00,6443129.98,227,1,1475775361.00
Classic,490,373,6385733.16,12702231.00,6420110.41,373,1,2408076837.00
Classic,490,136,6381859.56,12550008.00,6474511.86,136,1,893828528.00
Classic,490,292,6390974.96,12802469.00,6435178.61,292,1,1892267426.00
Classic,490,444,6397092.06,12544205.00,6425651.87,444,1,2866599289.00
Classic,490,156,6444063.66,12708190.00,6525911.51,156,1,1031396420.00
Classic,490,178,6447696.19,12499784.00,6518279.51,178,1,1173427026.00
Classic,490,457,6465617.78,13847717.00,6496471.43,457,1,2985743865.00
Classic,490,487,6441647.31,13587311.00,6469964.87,487,1,3164315372.00
Classic,490,230,6375635.07,12550051.00,6430520.56,230,1,1492299352.00
Classic,490,120,6422169.23,13127014.00,6531852.17,120,1,797337069.00
Classic,490,480,6469987.51,12702303.00,6496781.73,480,1,3131797863.00
Classic,490,416,6424977.17,12498214.00,6455319.22,416,1,2698888499.00
Classic,490,47,6532287.68,12569442.00,6800085.60,47,1,332942506.00
Classic,490,449,6403420.57,13213211.00,6433156.25,449,1,2901785377.00
Classic,490,197,6476297.96,12573310.00,6540465.43,197,1,1301735533.00
Classic,490,116,6454842.79,12620510.00,6563992.84,116,1,774394821.00
Classic,490,370,6399436.78,12645584.00,6433961.80,370,1,2393999318.00
Classic,490,75,6476754.28,12727345.00,6646858.15,75,1,511417425.00
Classic,490,51,6450193.67,12814740.00,6701839.80,51,1,354852167.00
Classic,490,425,6444457.91,12983636.00,6475339.52,425,1,2765178130.00
Classic,490,236,6441933.60,12658771.00,6495928.69,236,1,1546253215.00
Classic,490,280,6399623.34,12799024.00,6445661.90,280,1,1818239125.00
Classic,544,504,6379737.85,12558769.00,6404973.44,504,1,3241866270.00
Classic,544,366,6413864.15,12728863.00,6449030.81,366,1,2374071511.00
Classic,544,219,6381009.12,12454196.00,6438231.67,219,1,1423330521.00
Classic,544,166,6332709.34,12480875.00,6408214.98,166,1,1077179896.00
Classic,544,111,6481242.31,12663103.00,6595685.14,111,1,745195919.00
Classic,544,213,6401176.56,12568970.00,6460497.20,213,1,1389128001.00
Classic,544,100,6525632.58,12472678.00,6650783.70,100,1,678348009.00
Classic,544,225,6418561.14,12810974.00,6475837.28,225,1,1470180458.00
Classic,544,433,6428800.85,12471195.00,6457954.20,433,1,2810184192.00
Classic,544,95,6444555.09,13155255.00,6583424.98,95,1,638271630.00
Classic,544,515,6454822.43,12494786.00,6479416.38,515,1,3350689211.00
Classic,544,144,6398529.93,12572096.00,6486235.19,144,1,947833985.00
Classic,544,348,6453017.51,12994712.00,6490705.63,348,1,2272070026.00
Classic,544,342,6424170.01,12600745.00,6461368.42,342,1,2223208074.00
Classic,544,71,6528629.25,12690178.00,6707840.28,71,1,489717106.00
Classic,544,220,6491319.29,13231089.00,6551827.89,220,1,1455019344.00
Classic,544,276,6481378.35,12684989.00,6527723.59,276,1,1816010332.00
Classic,544,408,6496932.15,12606023.00,6528196.10,408,1,2677012922.00
Classic,544,149,6309476.58,12435698.00,6393205.59,149,1,965559450.00
Classic,544,198,6314896.65,12587488.00,6378746.08,198,1,1275882048.00
Classic,544,441,6424514.14,12373588.00,6452965.45,441,1,2859236185.00
Classic,544,173,6432247.57,13006258.00,6507927.53,173,1,1139087186.00
Classic,544,354,6415420.80,13600533.00,6454242.34,354,1,2298068707.00
Classic,544,310,6378506.90,12472488.00,6419110.86,310,1,2002881339.00
Classic,544,370,6482681.13,12485109.00,6516799.48,370,1,2424708815.00
Classic,544,177,6488493.71,13347295.00,6564289.88,177,1,1175433118.00
Classic,544,435,6501310.92,12560889.00,6530543.95,435,1,2854501726.00
Classic,544,118,6513213.40,12580421.00,6620219.31,118,1,794124154.00
Classic,544,70,6511775.89,12521311.00,6691049.63,70,1,481563361.00
Classic,544,16,6395413.31,12495155.00,7176957.25,16,1,127876155.00
Classic,544,428,6503466.36,12720979.00,6533539.87,428,1,2809806984.00
Classic,544,197,6525428.71,12969115.00,6591646.87,197,1,1312111687.00
Classic,544,524,6538128.39,12733409.00,6562805.17,524,1,3452909162.00
Classic,544,122,6499354.19,13141031.00,6607439.84,122,1,819429033.00
Classic,544,500,6473164.61,12811173.00,6499169.94,500,1,3263226208.00
Classic,544,454,6488237.22,12781069.00,6516769.46,454,1,2972158689.00
Classic,544,9,6902753.89,12491036.00,8291350.00,9,1,87954546.00
Classic,544,176,6463310.60,12535289.00,6534953.98,176,1,1163401409.00
Classic,544,349,6449863.12,12481937.00,6485988.36,349,1,2276698553.00
Classic,544,319,6547444.31,13726334.00,6590850.18,319,1,2116121479.00
Classic,544,272,6516097.21,13010449.00,6564296.43,272,1,1798635940.00
Classic,544,459,6480424.85,16012320.00,6515839.08,459,1,3004551165.00
Classic,544,320,6437239.61,12889533.00,6477897.74,320,1,2086406899.00
Classic,544,12,6917952.42,13224190.00,8020586.08,12,1,110079946.00
Classic,544,353,6543549.44,12970342.00,6580738.71,353,1,2337035880.00
Classic,544,294,6503825.92,12460153.00,6546565.54,294,1,1938025260.00
Classic,544,212,6483737.93,12962128.00,6545250.28,212,1,1400556609.00
Classic,544,55,6490591.45,12519803.00,6718620.76,55,1,382548109.00
Classic,544,24,6864977.54,12721290.00,7395584.54,24,1,190793861.00
Classic,544,166,6476173.28,12466484.00,6551628.37,166,1,1100573352.00
Classic,544,525,6344658.60,12521387.00,6368798.87,525,1,3357246281.00
Classic,544,272,6383394.31,12932093.00,6431253.85,272,1,1762673889.00
Classic,544,51,6362781.59,12454282.00,6607341.00,51,1,349913160.00
Classic,544,286,6406701.65,12503110.00,6450741.29,286,1,1858527416.00
Classic,544,97,6333033.87,12704969.00,6464314.54,97,1,640085632.00
Classic,544,424,6348496.01,12452909.00,6378241.13,424,1,2718094765.00
Classic,544,331,6429258.52,12707334.00,6467967.48,331,1,2154587199.00
Classic,544,246,6374629.98,12451800.00,6425551.28,246,1,1593705871.00
Classic,544,28,6371399.11,12500211.00,6818266.04,28,1,203735686.00
Classic,544,181,6405052.65,12460043.00,6474200.39,181,1,1185168642.00
Classic,544,314,6397091.97,12393277.00,6436921.25,314,1,2034486819.00
Classic,544,216,6329196.96,12396374.00,6386939.27,216,1,1392596261.00
Classic,544,496,6359698.25,12529480.00,6385248.79,496,1,3180601694.00
Classic,544,166,6389850.31,12442397.00,6465127.24,166,1,1086407151.00
Classic,544,279,6389343.50,12426662.00,6434194.73,279,1,1808521279.00
Classic,544,451,6340456.32,12525536.00,6368504.42,451,1,2885846199.00
Classic,544,130,6428842.04,12617413.00,6526264.90,130,1,862691853.00
Classic,544,36,6335339.44,13120287.00,6700180.28,36,1,254194838.00
Classic,544,74,6372873.05,13028292.00,6549270.47,74,1,497683021.00
Classic,544,28,6467306.29,12477582.00,6913332.46,28,1,206377024.00
Classic,544,349,6390233.16,12447083.00,6426220.99,349,1,2255961598.00
Classic,544,361,6362214.92,12526039.00,6397253.54,361,1,2322572397.00
Classic,544,199,6357175.60,12812278.00,6421897.10,199,1,1291379949.00
Classic,544,187,6373964.70,12667628.00,6442023.11,187,1,1217642333.00
Classic,544,432,6388607.96,12627776.00,6418164.48,432,1,2785879483.00
Classic,544,179,6348322.78,13017101.00,6421346.63,179,1,1162810283.00
Classic,544,346,6370820.80,12463465.00,6407153.04,346,1,2230179077.00
Classic,544,366,6381996.44,12777921.00,6417229.27,366,1,2362073991.00
Classic,544,356,6389999.00,12508166.00,6425451.25,356,1,2300855457.00
Classic,544,373,6362709.44,12417543.00,6396313.51,373,1,2399585993.00
Classic,544,465,6345648.39,12508432.00,6372870.74,465,1,2976808113.00
Classic,544,213,6339474.28,12514103.00,6398564.78,213,1,1375973321.00
Classic,544,469,6364944.17,12564919.00,6392050.46,469,1,3011135422.00
Classic,544,74,6352288.61,12514018.00,6521810.57,74,1,495563298.00
Classic,544,116,6327250.03,12392880.00,6434424.22,116,1,759270239.00
Classic,544,23,6316076.61,12442491.00,6857473.70,23,1,170419405.00
Classic,544,43,6383542.84,12496982.00,6674515.44,43,1,299816891.00
Classic,544,171,6341619.35,12428572.00,6414603.84,171,1,1109784041.00
Classic,544,234,6342850.04,12858745.00,6398090.02,234,1,1510205912.00
Classic,544,154,6330270.51,12882945.00,6414308.32,154,1,1000915396.00
Classic,544,244,6347451.18,12722591.00,6399919.24,244,1,1576612129.00
Classic,544,238,6353936.30,12576734.00,6407108.90,238,1,1538115789.00
Classic,544,157,6339491.63,12522523.00,6419564.49,157,1,1021104950.00
Classic,544,81,6409191.07,12710725.00,6566520.37,81,1,544936418.00
Classic,544,285,6366458.26,12424820.00,6410345.36,285,1,1840421177.00
Classic,544,154,6348492.18,12738884.00,6431542.81,154,1,1003467532.00
Classic,544,509,6369976.32,12528222.00,6394927.49,509,1,3268646302.00
Classic,544,428,6357331.73,12730866.00,6387401.93,428,1,2747058977.00
Classic,544,120,6343244.08,12769007.00,6450353.09,120,1,787203593.00
Classic,544,243,6350194.31,12647823.00,6402566.72,243,1,1568957613.00
Hybridized,1,1,7955862.00,12683482.00,20640684.00,1,1,33403477.00
Hybridized,1,1,7885975.00,12681590.00,20569342.00,1,1,33380122.00
Hybridized,1,1,7967034.00,12747670.00,20715796.00,1,1,33807595.00
Hybridized,1,1,8187756.00,12443499.00,20632492.00,1,1,33876303.00
Hybridized,1,1,7878268.00,12689716.00,20568848.00,1,1,33433111.00
Hybridized,1,1,8230532.00,12607470.00,20839635.00,1,1,33711481.00
Hybridized,1,1,7999787.00,12831560.00,20832657.00,1,1,33791165.00
Hybridized,1,1,7864092.00,12631670.00,20497143.00,1,1,33477740.00
Hybridized,1,1,8057665.00,12586227.00,20644913.00,1,1,33232957.00
Hybridized,1,1,8037422.00,12523407.00,20562089.00,1,1,33356062.00
Hybridized,1,1,7907075.00,12675471.00,20583565.00,1,1,33469626.00
Hybridized,1,1,7860244.00,13086489.00,20947842.00,1,1,34185941.00
Hybridized,1,1,8304301.00,12530279.00,20836106.00,1,1,34003651.00
Hybridized,1,1,8298548.00,13023931.00,21323796.00,1,1,34501343.00
Hybridized,1,1,7837081.00,12733092.00,20571286.00,1,1,33585035.00
Hybridized,1,1,8095751.00,12773238.00,20870187.00,1,1,34401320.00
Hybridized,1,1,7853265.00,12704464.00,20558880.00,1,1,33350772.00
Hybridized,1,1,8122823.00,12473858.00,20597551.00,1,1,33533685.00
Hybridized,1,1,7967995.00,12679613.00,20648459.00,1,1,33628342.00
Hybridized,1,1,8172805.00,12476585.00,20650594.00,1,1,33433857.00
Hybridized,1,1,8050623.00,12631175.00,20683039.00,1,1,33457984.00
Hybridized,1,1,7994813.00,12497196.00,20493012.00,1,1,33655906.00
Hybridized,1,1,7931030.00,12808375.00,20740418.00,1,1,33586789.00
Hybridized,1,1,7924253.00,12872126.00,20797798.00,1,1,33881427.00
Hybridized,1,1,8221765.00,12695713.00,20918940.00,1,1,33719584.00
Hybridized,1,1,7899092.00,12859815.00,20760055.00,1,1,34394875.00
Hybridized,1,1,7874602.00,12940367.00,20815955.00,1,1,33633109.00
Hybridized,1,1,7830781.00,12390588.00,20222370.00,1,1,32902857.00
Hybridized,1,1,8240191.00,12849790.00,21091440.00,1,1,34553177.00
Hybridized,1,1,7791262.00,13050937.00,20843570.00,1,1,34071215.00
Hybridized,1,1,7758556.00,12590586.00,20349919.00,1,1,32911967.00
Hybridized,1,1,8072079.00,12538595.00,20612328.00,1,1,34100694.00
Hybridized,1,1,7821553.00,12569476.00,20392230.00,1,1,33260815.00
Hybridized,1,1,8026876.00,12549842.00,20577735.00,1,1,33428069.00
Hybridized,1,1,7822639.00,12828755.00,20652475.00,1,1,33602973.00
Hybridized,1,1,7947732.00,12592132.00,20541332.00,1,1,33751842.00
Hybridized,1,1,8343525.00,12618702.00,20963240.00,1,1,33799932.00
Hybridized,1,1,7896859.00,12667396.00,20565321.00,1,1,33676488.00
Hybridized,1,1,8300901.00,12605425.00,20907419.00,1,1,33585443.00
Hybridized,1,1,8248337.00,14688091.00,22937708.00,1,1,36879641.00
Hybridized,1,1,7848402.00,12543088.00,20392441.00,1,1,33201446.00
Hybridized,1,1,8144297.00,12674145.00,20819583.00,1,1,33575769.00
Hybridized,1,1,8060531.00,12667560.00,20729203.00,1,1,33514657.00
Hybridized,1,1,8268294.00,12730664.00,21000517.00,1,1,34456105.00
Hybridized,1,1,7866586.00,12707248.00,20574888.00,1,1,33784741.00
Hybridized,1,1,8234140.00,12442304.00,20677701.00,1,1,33408171.00
Hybridized,1,1,7830951.00,13016777.00,20848840.00,1,1,33716619.00
Hybridized,1,1,7890224.00,12639642.00,20531071.00,1,1,33866500.00
Hybridized,1,1,7878328.00,12435213.00,20314431.00,1,1,32949926.00
Hybridized,1,1,8065256.00,12942559.00,21009056.00,1,1,34223403.00
Hybridized,1,1,7823603.00,12642164.00,20466739.00,1,1,33186960.00
Hybridized,1,1,8026989.00,12570122.00,20598641.00,1,1,33727720.00
Hybridized,1,1,7972958.00,12814365.00,20788499.00,1,1,33540791.00
Hybridized,1,1,8143070.00,12432577.00,20576568.00,1,1,39898181.00
Hybridized,1,1,7865337.00,12880270.00,20747015.00,1,1,33714111.00
Hybridized,1,1,8140697.00,12592566.00,20734431.00,1,1,33718041.00
Hybridized,1,1,7971108.00,12574522.00,20546711.00,1,1,33445632.00
Hybridized,1,1,7860272.00,12783248.00,20644344.00,1,1,33900237.00
Hybridized,1,1,8062584.00,12583020.00,20646671.00,1,1,34307057.00
Hybridized,1,1,8029129.00,12503205.00,20533584.00,1,1,33458070.00
Hybridized,1,1,7863338.00,12811022.00,20675820.00,1,1,33424448.00
Hybridized,1,1,7849098.00,12764541.00,20614655.00,1,1,33628030.00
Hybridized,1,1,8103387.00,12550004.00,20654263.00,1,1,33380042.00
Hybridized,1,1,8147384.00,12726976.00,20875859.00,1,1,34029682.00
Hybridized,1,1,7968887.00,12763381.00,20733486.00,1,1,33587610.00
Hybridized,1,1,8033661.00,12637813.00,20672770.00,1,1,33424988.00
Hybridized,1,1,7939821.00,12591539.00,20532502.00,1,1,33390029.00
Hybridized,1,1,8413491.00,12891754.00,21306593.00,1,1,34285554.00
Hybridized,1,1,7930675.00,12875049.00,20807237.00,1,1,33604736.00
Hybridized,1,1,8021635.00,12980747.00,21003845.00,1,1,34502643.00
Hybridized,1,1,7826131.00,12633705.00,20460802.00,1,1,33297117.00
Hybridized,1,1,7989764.00,12665159.00,20656038.00,1,1,33841960.00
Hybridized,1,1,8389421.00,12636838.00,21027334.00,1,1,34004540.00
Hybridized,1,1,8060245.00,12906538.00,20967803.00,1,1,34367124.00
Hybridized,1,1,8038642.00,12409103.00,20448647.00,1,1,33082178.00
Hybridized,1,1,8032630.00,12442471.00,20475908.00,1,1,33937576.00
Hybridized,1,1,7899900.00,12535398.00,20436902.00,1,1,33295390.00
Hybridized,1,1,7881262.00,12907705.00,20790601.00,1,1,33823358.00
Hybridized,1,1,7953031.00,12867826.00,20822219.00,1,1,33638781.00
Hybridized,1,1,7936676.00,12483660.00,20421403.00,1,1,33145218.00
Hybridized,1,1,7985156.00,12823464.00,20810074.00,1,1,33803031.00
Hybridized,1,1,7946616.00,12637641.00,20585397.00,1,1,34000618.00
Hybridized,1,1,7896577.00,12730193.00,20627952.00,1,1,33267991.00
Hybridized,1,1,8129361.00,12664006.00,20794633.00,1,1,33556989.00
Hybridized,1,1,7947372.00,12829210.00,20777936.00,1,1,33676699.00
Hybridized,1,1,14113108.00,12569883.00,26684252.00,1,1,39827189.00
Hybridized,1,1,7792187.00,12433451.00,20226195.00,1,1,32815727.00
Hybridized,1,1,7845558.00,12637015.00,20483848.00,1,1,33143010.00
Hybridized,1,1,7995197.00,12685712.00,20682247.00,1,1,33763132.00
Hybridized,1,1,7887493.00,12693557.00,20582111.00,1,1,33508149.00
Hybridized,1,1,7911807.00,12641669.00,20554465.00,1,1,33489235.00
Hybridized,1,1,8508545.00,12495505.00,21005283.00,1,1,34255265.00
Hybridized,1,1,7886607.00,12945358.00,20833060.00,1,1,34012260.00
Hybridized,1,1,8176722.00,12772521.00,20950315.00,1,1,34100861.00
Hybridized,1,1,8040777.00,12773039.00,20814813.00,1,1,33766250.00
Hybridized,1,1,8213056.00,12904156.00,21118601.00,1,1,34370392.00
Hybridized,1,1,8028850.00,12486779.00,20516521.00,1,1,33373735.00
Hybridized,1,1,8036534.00,12628199.00,20665955.00,1,1,33762542.00
Hybridized,1,1,8171820.00,12735285.00,20908095.00,1,1,33714006.00
Hybridized,1,1,8001175.00,12758117.00,20760806.00,1,1,33560594.00
Hybridized,5,4,7999860.25,12409387.00,11102862.75,4,1,57308485.00
Hybridized,5,2,8068634.50,12561106.00,14350026.00,2,1,41323446.00
Hybridized,5,5,8051077.00,12711657.00,10594108.20,5,1,65851819.00
Hybridized,5,1,7835734.00,12779917.00,20616633.00,1,1,33422943.00
Hybridized,5,3,7903944.00,12601360.00,12104990.33,3,1,49054400.00
Hybridized,5,1,7888819.00,12568722.00,20458756.00,1,1,33217568.00
Hybridized,5,1,8185555.00,14170110.00,22357048.00,1,1,35505957.00
Hybridized,5,4,7983901.50,12338447.00,11068820.25,4,1,57353827.00
Hybridized,5,5,8190920.80,12774159.00,10746333.40,5,1,66370461.00
Hybridized,5,1,7868714.00,12683239.00,20553027.00,1,1,33400498.00
Hybridized,5,5,7944259.20,13289334.00,10602734.40,5,1,65883714.00
Hybridized,5,4,8129484.50,12573166.00,11273276.75,4,1,57726103.00
Hybridized,5,4,8054861.00,12410199.00,11158137.50,4,1,57469001.00
Hybridized,5,5,7912215.80,12710924.00,10454934.60,5,1,64933772.00
Hybridized,5,5,8018374.00,12409620.00,10500750.80,5,1,65532663.00
Hybridized,5,4,8018777.50,12612580.00,11172505.50,4,1,57714901.00
Hybridized,5,3,8277538.33,12701421.00,12512190.67,3,1,50239010.00
Hybridized,5,2,8279981.00,12574664.00,14568337.00,2,1,41901085.00
Hybridized,5,5,8030694.00,12663859.00,10563983.60,5,1,65467310.00
Hybridized,5,2,8030578.50,12593161.00,14327936.50,2,1,41694843.00
Hybridized,5,4,8020031.75,12703720.00,11196479.25,4,1,57723245.00
Hybridized,5,2,7883328.00,12696816.00,14232366.50,2,1,41257626.00
Hybridized,5,4,8045932.75,13114397.00,11325207.25,4,1,57984351.00
Hybridized,5,1,8370219.00,12497105.00,20868472.00,1,1,33529640.00
Hybridized,5,1,7938046.00,12637352.00,20576759.00,1,1,33574895.00
Hybridized,5,4,7905357.25,12518370.00,11035544.25,4,1,57264117.00
Hybridized,5,4,11131225.00,12860334.00,14347321.25,4,1,70526046.00
Hybridized,5,5,8009981.20,12923327.00,10595177.00,5,1,65624426.00
Hybridized,5,4,7976350.50,12411064.00,11079618.00,4,1,57057900.00
Hybridized,5,3,8376036.33,12810561.00,12646967.67,3,1,50793991.00
Hybridized,5,5,7970990.60,12808677.00,10533378.00,5,1,65404902.00
Hybridized,5,5,8015397.80,12783439.00,10572541.80,5,1,65729478.00
Hybridized,5,3,8179269.67,12569640.00,12370201.67,3,1,49930687.00
Hybridized,5,5,8195575.40,12453474.00,10686874.60,5,1,66203339.00
Hybridized,5,1,7989892.00,12986125.00,20977021.00,1,1,34014529.00
Hybridized,5,1,7821142.00,12701942.00,20523965.00,1,1,33553259.00
Hybridized,5,3,8236006.67,12819633.00,12509938.33,3,1,51001133.00
Hybridized,5,5,7928276.60,12648772.00,10458430.80,5,1,64901408.00
Hybridized,5,4,7966353.25,12763107.00,11157729.75,4,1,57363962.00
Hybridized,5,1,8167866.00,12869972.00,21039230.00,1,1,33842809.00
Hybridized,5,2,8104892.00,12596869.00,14404166.50,2,1,41904927.00
Hybridized,5,2,7985393.00,12555596.00,14264023.50,2,1,41557596.00
Hybridized,5,5,7893492.80,12539302.00,10401796.40,5,1,64843410.00
Hybridized,5,2,8068173.50,12914573.00,14526380.50,2,1,41852112.00
Hybridized,5,2,8032199.50,12902852.00,14484219.50,2,1,41632523.00
Hybridized,5,3,8023059.33,12507380.00,12192699.67,3,1,49620517.00
Hybridized,5,3,8448128.67,13057390.00,12801410.67,3,1,51967213.00
Hybridized,5,5,7902919.60,12561144.00,10415732.80,5,1,64948896.00
Hybridized,5,3,8023261.67,12566173.00,12212794.67,3,1,49679047.00
Hybridized,5,5,8100107.20,12484842.00,10597687.80,5,1,65976153.00
Hybridized,5,3,8067369.00,12752792.00,12318956.33,3,1,49855272.00
Hybridized,5,4,8286093.50,12709232.00,11464260.50,4,1,58556119.00
Hybridized,5,2,8187790.50,12583673.00,14480587.00,2,1,42044711.00
Hybridized,5,4,7987182.50,13075717.00,11256664.50,4,1,58030697.00
Hybridized,5,1,7821521.00,12458759.00,20281280.00,1,1,33223402.00
Hybridized,5,5,7880229.80,12472274.00,10375184.60,5,1,64892960.00
Hybridized,5,4,7985035.50,12555325.00,11124600.00,4,1,57121854.00
Hybridized,5,1,8013827.00,12754307.00,20769505.00,1,1,33629300.00
Hybridized,5,2,8018812.00,12890281.00,14464967.00,2,1,42039136.00
Hybridized,5,2,8038856.00,12716394.00,14397876.00,2,1,41569057.00
Hybridized,5,2,7994620.00,12715707.00,14353528.50,2,1,41398996.00
Hybridized,5,4,7966637.75,12642775.00,11127937.25,4,1,57191838.00
Hybridized,5,5,7900182.40,12510232.00,10402712.20,5,1,64808748.00
Hybridized,5,4,9645955.75,13269643.00,12964326.75,4,1,64533167.00
Hybridized,5,2,8083048.50,12934963.00,14551623.00,2,1,42076157.00
Hybridized,5,5,7923181.60,12838403.00,10491380.80,5,1,65105405.00
Hybridized,5,4,7890373.75,12461904.00,11006310.25,4,1,57204071.00
Hybridized,5,1,8367039.00,12912919.00,21281551.00,1,1,34740945.00
Hybridized,5,4,8050142.75,12377606.00,11145009.50,4,1,57559788.00
Hybridized,5,5,8109367.60,12527472.00,10615437.60,5,1,66027420.00
Hybridized,5,5,8082560.80,12456762.00,10574348.60,5,1,65720674.00
Hybridized,5,2,8454057.50,13268878.00,15089522.00,2,1,43150547.00
Hybridized,5,5,7950209.80,12631372.00,10477015.80,5,1,65242513.00
Hybridized,5,3,8025992.33,12907774.00,12329322.00,3,1,50333103.00
Hybridized,5,3,7978638.00,12467429.00,12135198.67,3,1,49231124.00
Hybridized,5,4,7934001.00,12522275.00,11065063.25,4,1,57030902.00
Hybridized,5,5,8171059.80,12680638.00,10707976.00,5,1,66478247.00
Hybridized,5,1,8067830.00,12616636.00,20686103.00,1,1,33393514.00
Hybridized,5,5,7984112.60,13157926.00,10616315.80,5,1,65987180.00
Hybridized,5,4,8009925.00,12602913.00,11161100.00,4,1,57364932.00
Hybridized,5,4,7929566.50,12551589.00,11068157.25,4,1,57092285.00
Hybridized,5,2,7990039.00,13202268.00,14591977.50,2,1,41814150.00
Hybridized,5,4,7960594.00,12608125.00,11113089.75,4,1,57446485.00
Hybridized,5,1,7867242.00,13229922.00,21098543.00,1,1,33948823.00
Hybridized,5,4,7976544.25,12842925.00,11187893.75,4,1,57859469.00
Hybridized,5,1,8021970.00,12455091.00,20478010.00,1,1,33347778.00
Hybridized,5,1,7909320.00,12793615.00,20704317.00,1,1,33685322.00
Hybridized,5,5,8022676.20,12791443.00,10581625.80,5,1,66035768.00
Hybridized,5,2,8169015.00,12471075.00,14405450.00,2,1,41978758.00
Hybridized,5,5,8005163.40,12632151.00,10532267.40,5,1,65602193.00
Hybridized,5,1,7958890.00,12720993.00,20681020.00,1,1,33570731.00
Hybridized,5,4,8021015.50,13035239.00,11280485.75,4,1,58005812.00
Hybridized,5,3,7986707.33,12455243.00,12138950.67,3,1,49310846.00
Hybridized,5,1,7947523.00,12521652.00,20470270.00,1,1,33288822.00
Hybridized,5,4,7937356.25,12632002.00,11095853.75,4,1,57375963.00
Hybridized,5,4,7987421.50,12765153.00,11179372.50,4,1,57863976.00
Hybridized,5,5,9477878.40,13231202.00,12124982.60,5,1,73395939.00
Hybridized,5,2,7989368.50,12707227.00,14344101.50,2,1,41315092.00
Hybridized,5,2,8229377.50,12672427.00,14566523.00,2,1,43129964.00
Hybridized,5,3,7996254.33,12487468.00,12159352.67,3,1,49174502.00
Hybridized,7,2,7947031.50,13139613.00,14517709.50,2,1,41977297.00
Hybridized,7,5,8091545.80,12618738.00,10615810.80,5,1,66408580.00
Hybridized,7,6,7949483.67,13681143.00,10230276.17,6,1,74650815.00
Hybridized,7,1,8059224.00,12967046.00,21027524.00,1,1,34183820.00
Hybridized,7,6,8175521.00,12615419.00,10278726.17,6,1,74529860.00
Hybridized,7,3,7928550.00,12948017.00,12245375.33,3,1,49705700.00
Hybridized,7,4,8071018.50,12628974.00,11228983.50,4,1,57782738.00
Hybridized,7,2,8042805.00,12771219.00,14429516.00,2,1,41948722.00
Hybridized,7,4,8075605.00,12600009.00,11226429.50,4,1,57796456.00
Hybridized,7,1,7889373.00,12634936.00,20525335.00,1,1,33421106.00
Hybridized,7,2,8204585.50,12576234.00,14493598.00,2,1,41859098.00
Hybridized,7,3,8021794.33,12579062.00,12215416.67,3,1,49579606.00
Hybridized,7,2,8489649.50,12486681.00,14733792.00,2,1,42627725.00
Hybridized,7,5,7937871.40,12491951.00,10436736.20,5,1,65056707.00
Hybridized,7,6,7847755.17,12486770.00,9929185.67,6,1,72261008.00
Hybridized,7,3,8146317.00,12623609.00,12355134.00,3,1,49922105.00
Hybridized,7,1,8161379.00,12628308.00,20791246.00,1,1,33575010.00
Hybridized,7,2,7912667.00,12818033.00,14322478.00,2,1,41512487.00
Hybridized,7,2,8039717.50,12780089.00,14430542.00,2,1,41823051.00
Hybridized,7,5,8341711.60,13084470.00,10959197.80,5,1,67748346.00
Hybridized,7,3,8230424.33,12794741.00,12496216.33,3,1,50600073.00
Hybridized,7,4,8052744.25,12758245.00,11243094.50,4,1,57845023.00
Hybridized,7,4,8353089.00,12602591.00,11504368.00,4,1,59109237.00
Hybridized,7,5,8115111.40,13066686.00,10728993.00,5,1,66410685.00
Hybridized,7,4,8031355.75,12714775.00,11210628.50,4,1,57849868.00
Hybridized,7,7,8696135.57,12580325.00,10493963.71,7,1,86578251.00
Hybridized,7,6,8029679.83,12594583.00,10129118.67,6,1,73741416.00
Hybridized,7,6,7947142.67,12535318.00,10036887.00,6,1,73495049.00
Hybridized,7,3,8001325.67,12462419.00,12156004.67,3,1,50238742.00
Hybridized,7,5,8085182.60,12781889.00,10642267.40,5,1,66460475.00
Hybridized,7,1,9170046.00,12811698.00,21983084.00,1,1,35576442.00
Hybridized,7,4,8061165.50,14591312.00,11709867.00,4,1,59740683.00
Hybridized,7,3,8062547.67,12624284.00,12271285.33,3,1,49572951.00
Hybridized,7,7,8221573.29,12821061.00,10053688.57,7,1,83240053.00
Hybridized,7,4,8167815.50,12931093.00,11401346.00,4,1,58918190.00
Hybridized,7,7,8064634.71,12826754.00,9897561.14,7,1,82444901.00
Hybridized,7,7,8102053.00,12453327.00,9881499.43,7,1,82341467.00
Hybridized,7,5,8118604.00,12631618.00,10645572.80,5,1,66607695.00
Hybridized,7,2,7966128.00,12894554.00,14414196.00,2,1,42104388.00
Hybridized,7,2,8532151.00,12924909.00,14995725.50,2,1,43142653.00
Hybridized,7,6,8180230.17,12620618.00,10284428.17,6,1,75075895.00
Hybridized,7,7,8090120.43,12810032.00,9920512.86,7,1,83496649.00
Hybridized,7,7,8139653.29,12506546.00,9926807.14,7,1,82553608.00
Hybridized,7,2,7930479.00,12698448.00,14280484.00,2,1,41824181.00
Hybridized,7,5,8323180.20,12777212.00,10879319.00,5,1,67229256.00
Hybridized,7,1,7892626.00,13193053.00,21086692.00,1,1,34358507.00
Hybridized,7,2,8086297.00,12876282.00,14525172.00,2,1,43052645.00
Hybridized,7,4,8024791.25,12429659.00,11132916.25,4,1,57308221.00
Hybridized,7,3,8917008.00,12494796.00,13082934.00,3,1,52372757.00
Hybridized,7,3,8203847.33,12680805.00,12431569.33,3,1,49994739.00
Hybridized,7,4,8302766.25,12463551.00,11419459.25,4,1,59450000.00
Hybridized,7,5,7897066.60,12581484.00,10413714.20,5,1,65012431.00
Hybridized,7,2,8202469.00,12734801.00,14570471.00,2,1,42129761.00
Hybridized,7,6,8165754.00,12794436.00,10298775.00,6,1,74872095.00
Hybridized,7,6,8113602.33,12418302.00,10183965.00,6,1,74220444.00
Hybridized,7,4,8311773.25,12869125.00,11529544.75,4,1,59708121.00
Hybridized,7,7,8207972.29,12678134.00,10019690.00,7,1,83221695.00
Hybridized,7,5,8009923.40,12464430.00,10503406.20,5,1,65360526.00
Hybridized,7,1,8843687.00,13099582.00,21944721.00,1,1,35212242.00
Hybridized,7,4,8200803.50,13020041.00,11456531.25,4,1,58860171.00
Hybridized,7,3,8112510.33,12927587.00,12422373.00,3,1,50830075.00
Hybridized,7,4,8256409.50,13066407.00,11523764.00,4,1,59107954.00
Hybridized,7,1,8178903.00,12799929.00,20980484.00,1,1,34453416.00
Hybridized,7,2,8286047.00,13169520.00,14871746.00,2,1,43002833.00
Hybridized,7,4,8059788.25,12770990.00,11253049.25,4,1,58311885.00
Hybridized,7,1,8230477.00,12828724.00,21060820.00,1,1,34360448.00
Hybridized,7,3,7946374.67,12920810.00,12253905.00,3,1,49706675.00
Hybridized,7,5,8107284.80,12815263.00,10670845.40,5,1,66149869.00
Hybridized,7,2,8158272.00,12674728.00,14496659.50,2,1,42491629.00
Hybridized,7,2,8287701.50,12803059.00,14690370.00,2,1,42520894.00
Hybridized,7,2,8572783.50,12874357.00,15011046.00,2,1,43194419.00
Hybridized,7,2,8063448.00,12970466.00,14549534.00,2,1,42346205.00
Hybridized,7,6,7906805.83,12478637.00,9986878.83,6,1,73240895.00
Hybridized,7,3,8155687.33,12604557.00,12357830.00,3,1,50390649.00
Hybridized,7,4,8047250.00,12614420.00,11201262.75,4,1,57938437.00
Hybridized,7,4,9052735.25,12763188.00,12244342.25,4,1,62052855.00
Hybridized,7,4,8174285.00,13178409.00,11469596.50,4,1,58772123.00
Hybridized,7,3,7961408.00,12606938.00,12164223.00,3,1,49498715.00
Hybridized,7,3,7961453.67,12792828.00,12226515.00,3,1,49439389.00
Hybridized,7,6,8106435.17,12808049.00,10241511.33,6,1,74377652.00
Hybridized,7,4,8009982.25,12580573.00,11155695.25,4,1,57974846.00
Hybridized,7,3,8097085.33,12446336.00,12246503.33,3,1,49751458.00
Hybridized,7,7,8119006.29,13001638.00,9977000.00,7,1,82890676.00
Hybridized,7,2,8010768.00,12465268.00,14244159.00,2,1,41860417.00
Hybridized,7,1,8297161.00,12572190.00,20870492.00,1,1,33733598.00
Hybridized,7,5,8029833.60,12382583.00,10506784.80,5,1,65453403.00
Hybridized,7,7,7951650.43,12913731.00,9797049.43,7,1,81631857.00
Hybridized,7,5,8061342.60,12468734.00,10555816.20,5,1,65640612.00
Hybridized,7,1,8679191.00,12922143.00,21602649.00,1,1,34540674.00
Hybridized,7,7,8128596.43,12567582.00,9924566.71,7,1,82397220.00
Hybridized,7,3,8228897.00,12611655.00,12433452.67,3,1,50663500.00
Hybridized,7,4,8544618.50,12450377.00,11657992.25,4,1,59570746.00
Hybridized,7,6,8163836.33,12590585.00,10262899.83,6,1,74439482.00
Hybridized,7,1,8527007.00,12511348.00,21039306.00,1,1,34519714.00
Hybridized,7,4,8315798.25,13371956.00,11659660.25,4,1,59695974.00
Hybridized,7,6,8090197.67,12453725.00,10166283.83,6,1,74241464.00
Hybridized,7,3,8396651.33,12804765.00,12665663.33,3,1,51137833.00
Hybridized,7,5,8979580.20,12491422.00,11478672.40,5,1,70512792.00
Hybridized,7,4,7947143.75,12716858.00,11126707.50,4,1,57988564.00
Hybridized,7,3,8369575.33,12875151.00,12662269.67,3,1,50933726.00
Hybridized,31,7,8233085.14,12703311.00,10048279.29,7,1,83532743.00
Hybridized,31,18,8135156.11,12681607.00,8840212.83,18,1,172488320.00
Hybridized,31,26,8031416.54,12547698.00,8514373.85,26,1,234672457.00
Hybridized,31,20,7986522.90,12529651.00,8613357.00,20,1,185572934.00
Hybridized,31,19,8083619.79,12441719.00,8738812.53,19,1,178766397.00
Hybridized,31,30,8022217.00,12696199.00,8445851.53,30,1,266780980.00
Hybridized,31,14,8089996.43,12848385.00,9008220.71,14,1,139544649.00
Hybridized,31,30,8002528.40,12865346.00,8431756.70,30,1,266139963.00
Hybridized,31,11,8155734.55,12751286.00,9315336.64,11,1,115720952.00
Hybridized,31,7,8186374.29,12800803.00,10015708.86,7,1,82845362.00
Hybridized,31,26,7912203.46,12574279.00,8396086.46,26,1,231574761.00
Hybridized,31,9,8131390.44,12582296.00,9529905.67,9,1,98767435.00
Hybridized,31,9,8041026.78,12873976.00,9471869.67,9,1,98776952.00
Hybridized,31,22,7974212.95,12654804.00,8549758.73,22,1,201811572.00
Hybridized,31,4,8099127.00,12852152.00,11313086.50,4,1,58129747.00
Hybridized,31,24,8026801.92,12425672.00,8544857.25,24,1,218114508.00
Hybridized,31,17,7978583.53,12821806.00,8733263.53,17,1,161285169.00
Hybridized,31,12,8020114.50,12800568.00,9087217.75,12,1,122130419.00
Hybridized,31,20,8063581.80,12764541.00,8702303.65,20,1,187059635.00
Hybridized,31,26,8003456.69,12654685.00,8490604.46,26,1,233646543.00
Hybridized,31,12,8100311.67,13000814.00,9184118.00,12,1,122931436.00
Hybridized,31,23,8050872.00,12871813.00,8610934.87,23,1,211172494.00
Hybridized,31,28,8106222.14,12508095.00,8553306.79,28,1,252420586.00
Hybridized,31,22,8011520.32,12744388.00,8591230.09,22,1,202200058.00
Hybridized,31,29,8004968.14,12447254.00,8434586.97,29,1,258483410.00
Hybridized,31,26,8026947.08,12409246.00,8504592.23,26,1,234100285.00
Hybridized,31,11,8101885.36,12735872.00,9260187.45,11,1,115129402.00
Hybridized,31,22,8105352.82,12522679.00,8674999.18,22,1,203830635.00
Hybridized,31,16,8143433.50,12428686.00,8920645.19,16,1,155964035.00
Hybridized,31,25,8061604.68,12778211.00,8573194.88,25,1,227147173.00
Hybridized,31,26,8048430.23,12487080.00,8529197.15,26,1,235082322.00
Hybridized,31,30,8052466.13,12718454.00,8476856.57,30,1,267875388.00
Hybridized,31,23,8055340.09,12746841.00,8610000.65,23,1,211390506.00
Hybridized,31,19,8091784.53,12789358.00,8765265.63,19,1,179483317.00
Hybridized,31,21,7974725.67,12622718.00,8576163.62,21,1,192950880.00
Hybridized,31,20,8343097.75,12489920.00,8968050.35,20,1,192521602.00
Hybridized,31,12,8035763.25,12736169.00,9097533.92,12,1,121866825.00
Hybridized,31,28,8040380.39,12553785.00,8489088.18,28,1,250427915.00
Hybridized,31,15,8027982.93,12585460.00,8867422.67,15,1,145998690.00
Hybridized,31,19,8040491.89,12465681.00,8696985.95,19,1,178298835.00
Hybridized,31,11,7993887.64,12662807.00,9145396.45,11,1,113373441.00
Hybridized,31,4,8076834.00,12565350.00,11218718.75,4,1,57987518.00
Hybridized,31,26,8119771.42,12980422.00,8619466.77,26,1,237223924.00
Hybridized,31,16,8047793.50,12807160.00,8848682.44,16,1,154292541.00
Hybridized,31,8,7988550.12,12507169.00,9552368.12,8,1,89189809.00
Hybridized,31,15,8091953.07,12502520.00,8925855.93,15,1,147263174.00
Hybridized,31,30,8101775.40,12743398.00,8526956.87,30,1,268761696.00
Hybridized,31,14,8111334.93,13005277.00,9040802.64,14,1,139721594.00
Hybridized,31,25,8084524.52,12695528.00,8593854.36,25,1,227694703.00
Hybridized,31,26,8115224.96,12651306.00,8602221.50,26,1,236904439.00
Hybridized,31,2,8376933.00,12681102.00,14718382.00,2,1,42282901.00
Hybridized,31,1,8536869.00,12989094.00,21526899.00,1,1,34886582.00
Hybridized,31,6,8001971.00,12822586.00,10139550.00,6,1,74167007.00
Hybridized,31,28,8005114.36,12832415.00,8463768.93,28,1,249881872.00
Hybridized,31,31,8102559.26,12436981.00,8504201.74,31,1,276322507.00
Hybridized,31,17,8102865.00,13164083.00,8877697.29,17,1,163999206.00
Hybridized,31,21,8110397.52,12679082.00,8714566.24,21,1,196173874.00
Hybridized,31,3,8291268.33,12941742.00,12605789.67,3,1,51074322.00
Hybridized,31,21,8139973.48,12888698.00,8754129.52,21,1,196980337.00
Hybridized,31,4,7951420.00,12812609.00,11155156.00,4,1,57809819.00
Hybridized,31,13,8060212.54,12843472.00,9048603.92,13,1,130359461.00
Hybridized,31,7,8020314.86,12875683.00,9860082.71,7,1,82120719.00
Hybridized,31,11,8032014.73,12620014.00,9179763.64,11,1,114283157.00
Hybridized,31,3,8282745.33,12560814.00,12470400.33,3,1,50505903.00
Hybridized,31,27,7999310.56,12764486.00,8472419.63,27,1,241488227.00
Hybridized,31,11,8149977.64,13099727.00,9341278.73,11,1,116251958.00
Hybridized,31,3,8236809.00,12785684.00,12499293.33,3,1,50371005.00
Hybridized,31,29,8012521.55,12650527.00,8449064.28,29,1,258107921.00
Hybridized,31,19,8267999.37,13000712.00,8952765.00,19,1,183334958.00
Hybridized,31,9,7942739.67,12526769.00,9334921.22,9,1,96731974.00
Hybridized,31,15,7957360.20,12698461.00,8804258.87,15,1,145400751.00
Hybridized,31,4,8084572.75,13143320.00,11371098.25,4,1,58820624.00
Hybridized,31,7,7991328.57,12880326.00,9831848.43,7,1,81632877.00
Hybridized,31,3,8557948.67,12580511.00,12752388.33,3,1,51301187.00
Hybridized,31,15,8154732.40,12734954.00,9004263.40,15,1,148284774.00
Hybridized,31,28,8104070.68,12770744.00,8560622.96,28,1,252369015.00
Hybridized,31,14,8123234.50,12558076.00,9020704.71,14,1,139390896.00
Hybridized,31,7,7948626.43,12724574.00,9766814.71,7,1,81372841.00
Hybridized,31,31,8064563.94,12417855.00,8465562.29,31,1,275277272.00
Hybridized,31,2,7807297.00,12433678.00,14024565.50,2,1,40819845.00
Hybridized,31,24,8045047.08,12717530.00,8575416.83,24,1,218437528.00
Hybridized,31,24,8058320.46,12478906.00,8578719.08,24,1,218802560.00
Hybridized,31,23,8031597.61,12354503.00,8569167.83,23,1,209837427.00
Hybridized,31,27,8079862.85,12614913.00,8547577.07,27,1,243959194.00
Hybridized,31,16,8116317.56,13064182.00,8933307.31,16,1,156285569.00
Hybridized,31,24,8071370.17,12425357.00,8589476.46,24,1,219594566.00
Hybridized,31,28,8138680.39,12435490.00,8583125.43,28,1,253479326.00
Hybridized,31,26,8050011.38,12712537.00,8539304.54,26,1,235022737.00
Hybridized,31,16,8151229.19,12859369.00,8955393.94,16,1,156422455.00
Hybridized,31,13,7945559.46,12536471.00,8910211.92,13,1,128759630.00
Hybridized,31,8,8125463.88,12804667.00,9726475.75,8,1,91029526.00
Hybridized,31,26,8000447.85,12666022.00,8487936.27,26,1,233981948.00
Hybridized,31,31,8165848.97,12620696.00,8573470.00,31,1,278993582.00
Hybridized,31,11,7886125.09,12613513.00,9033201.55,11,1,112015168.00
Hybridized,31,1,7801685.00,13119353.00,20922112.00,1,1,33987536.00
Hybridized,31,9,8009654.11,12580625.00,9407949.22,9,1,97591978.00
Hybridized,31,18,8080169.44,12650700.00,8783386.94,18,1,171024438.00
Hybridized,31,16,8011999.81,12694741.00,8805796.94,16,1,153507122.00
Hybridized,31,5,8063746.40,12698265.00,10604022.80,5,1,65761723.00
Hybridized,31,27,8037512.74,12675174.00,8507326.04,27,1,243079565.00
Hybridized,47,39,8026982.15,12636497.00,8351331.67,39,1,338967987.00
Hybridized,47,24,8088003.42,12686656.00,8616984.50,24,1,220243022.00
Hybridized,47,29,7951128.83,13059429.00,8401812.69,29,1,257002061.00
Hybridized,47,33,8105592.27,12494963.00,8484673.82,33,1,293172003.00
Hybridized,47,25,8054814.40,12679334.00,8562365.08,25,1,226994796.00
Hybridized,47,10,8091511.10,12896232.00,9381543.20,10,1,106821159.00
Hybridized,47,9,8101955.78,12845153.00,9529633.56,9,1,98698004.00
Hybridized,47,44,7996622.48,12443870.00,8279772.95,44,1,377512886.00
Hybridized,47,8,8155012.75,13015134.00,9782328.88,8,1,91114275.00
Hybridized,47,24,8035843.12,12814435.00,8570130.54,24,1,219110916.00
Hybridized,47,13,7982783.77,12706220.00,8960620.23,13,1,129294444.00
Hybridized,47,40,8103055.50,12791676.00,8423189.78,40,1,349789006.00
Hybridized,47,24,8010497.04,12923172.00,8549294.54,24,1,218521507.00
Hybridized,47,12,8078201.33,12545902.00,9124246.92,12,1,122747174.00
Hybridized,47,47,8021624.51,13169424.00,8302167.04,47,1,403154324.00
Hybridized,47,7,8399554.86,12989789.00,10255809.43,7,1,85304341.00
Hybridized,47,4,8343191.50,12961604.00,11584369.50,4,1,59636622.00
Hybridized,47,37,7927327.38,12474230.00,8264786.43,37,1,319590005.00
Hybridized,47,18,8046869.33,12795018.00,8758109.06,18,1,170617430.00
Hybridized,47,3,8224705.67,12435342.00,12370457.33,3,1,50136627.00
Hybridized,47,8,8257331.38,12674451.00,9842119.50,8,1,91569655.00
Hybridized,47,12,8120766.42,12690817.00,9178905.58,12,1,123379957.00
Hybridized,47,9,8079341.44,12877893.00,9510836.67,9,1,98790448.00
Hybridized,47,1,7872207.00,12658001.00,20531352.00,1,1,33556957.00
Hybridized,47,26,8314279.04,12847578.00,8808879.73,26,1,242442300.00
Hybridized,47,28,7947667.46,12975084.00,8411405.36,28,1,248509100.00
Hybridized,47,45,8237242.82,12821793.00,8522636.04,45,1,396679547.00
Hybridized,47,17,8204677.71,12727396.00,8953842.65,17,1,165300626.00
Hybridized,47,10,8045501.50,12800304.00,9326014.70,10,1,106991087.00
Hybridized,47,14,8143792.14,12726292.00,9053280.57,14,1,139955196.00
Hybridized,47,22,8204779.05,13133776.00,8802164.36,22,1,206656875.00
Hybridized,47,38,8164730.47,13012957.00,8507499.84,38,1,337101290.00
Hybridized,47,43,8194542.05,13657198.00,8512527.77,43,1,379545744.00
Hybridized,47,28,8071999.00,12869816.00,8532018.57,28,1,251845942.00
Hybridized,47,17,8338879.82,12873292.00,9096607.76,17,1,167731702.00
Hybridized,47,30,7979233.77,12762891.00,8405025.87,30,1,265150461.00
Hybridized,47,25,8223018.08,12974314.00,8742365.24,25,1,231796234.00
Hybridized,47,22,8240502.77,12659387.00,8816372.82,22,1,207338199.00
Hybridized,47,17,8324386.71,12513912.00,9060975.06,17,1,167207683.00
Hybridized,47,32,7986359.75,13091945.00,8395864.00,32,1,281598213.00
Hybridized,47,22,8278248.36,12935904.00,8866583.14,22,1,208425556.00
Hybridized,47,37,8336418.08,13178787.00,8693044.32,37,1,335301585.00
Hybridized,47,8,8494438.00,13342998.00,10163763.75,8,1,94017941.00
Hybridized,47,41,8170988.41,13346924.00,8496904.49,41,1,361387651.00
Hybridized,47,28,8188432.07,12449776.00,8633422.46,28,1,255090737.00
Hybridized,47,12,8145264.25,13131803.00,9240117.92,12,1,123787681.00
Hybridized,47,46,8083765.61,13282188.00,8372921.87,46,1,398692765.00
Hybridized,47,3,8395752.67,12996051.00,12728415.00,3,1,51070518.00
Hybridized,47,2,9947537.50,12593942.00,16245462.50,2,1,45473286.00
Hybridized,47,13,8286935.23,12712473.00,9265322.92,13,1,133567661.00
Hybridized,47,26,8243415.04,12918536.00,8740746.31,26,1,240466305.00
Hybridized,47,47,8188746.72,12860118.00,8462740.13,47,1,410964826.00
Hybridized,47,20,8178204.45,12892012.00,8823240.05,20,1,189591746.00
Hybridized,47,39,8291123.23,21263650.00,8836719.82,39,1,358017262.00
Hybridized,47,6,8190497.83,13194133.00,10389954.50,6,1,75385978.00
Hybridized,47,28,7946737.93,12888904.00,8407372.89,28,1,248764629.00
Hybridized,47,12,8911881.00,13071234.00,10001704.33,12,1,133298867.00
Hybridized,47,5,8066692.80,12791405.00,10625544.60,5,1,66437696.00
Hybridized,47,34,8208794.97,12780510.00,8585067.74,34,1,305350992.00
Hybridized,47,10,8063689.40,12561809.00,9320390.40,10,1,106091736.00
Hybridized,47,8,8119665.88,12779172.00,9717595.12,8,1,90662427.00
Hybridized,47,38,8009880.05,13635334.00,8369126.05,38,1,331058972.00
Hybridized,47,45,8113559.93,13970117.00,8424371.31,45,1,392450298.00
Hybridized,47,14,8013795.64,12551934.00,8910798.36,14,1,137762629.00
Hybridized,47,3,8254620.00,12890984.00,12552191.33,3,1,50787723.00
Hybridized,47,27,8100534.93,12991842.00,8582072.74,27,1,245309561.00
Hybridized,47,2,8438608.50,12850714.00,14864828.00,2,1,43294118.00
Hybridized,47,43,8045788.72,12599734.00,8339150.07,43,1,371572318.00
Hybridized,47,40,8098066.08,13771505.00,8442699.20,40,1,350831928.00
Hybridized,47,16,8387174.06,12760367.00,9185177.75,16,1,160192891.00
Hybridized,47,16,8165104.94,12667662.00,8957379.62,16,1,156583737.00
Hybridized,47,6,8171896.00,13075964.00,10351800.00,6,1,75360972.00
Hybridized,47,12,8154942.42,14749475.00,9384462.75,12,1,126196793.00
Hybridized,47,44,8131988.64,13143101.00,8431089.64,44,1,384095859.00
Hybridized,47,24,8100405.71,12683189.00,8629345.17,24,1,220177003.00
Hybridized,47,29,8011716.72,12566529.00,8445491.07,29,1,258016831.00
Hybridized,47,23,8181274.48,12544028.00,8727073.91,23,1,213754470.00
Hybridized,47,8,7820698.38,13251546.00,9477539.00,8,1,88745713.00
Hybridized,47,19,8298261.16,12700144.00,8967123.68,19,1,183781547.00
Hybridized,47,29,8245096.10,12847548.00,8688642.55,29,1,264901129.00
Hybridized,47,7,7916308.57,13153567.00,9795814.43,7,1,81389086.00
Hybridized,47,4,8070536.50,12438713.00,11180803.50,4,1,59308855.00
Hybridized,47,40,8098794.45,12735473.00,8417522.07,40,1,349951149.00
Hybridized,47,33,8132056.06,12955517.00,8525047.64,33,1,294627479.00
Hybridized,47,47,8064135.81,12749703.00,8335739.85,47,1,405093366.00
Hybridized,47,12,8402270.33,14017274.00,9570932.58,12,1,127994245.00
Hybridized,47,24,8036149.17,12903186.00,8574232.62,24,1,218991039.00
Hybridized,47,10,8341436.60,12671409.00,9608981.20,10,1,109766465.00
Hybridized,47,16,7978783.44,12896004.00,8785198.00,16,1,153464382.00
Hybridized,47,45,8146836.93,12936341.00,8434734.93,45,1,392719072.00
Hybridized,47,25,8187176.20,12501679.00,8687671.32,25,1,230703539.00
Hybridized,47,20,8164491.80,12450852.00,8787435.80,20,1,189106723.00
Hybridized,47,1,8408817.00,13207301.00,21617548.00,1,1,34935457.00
Hybridized,47,34,7999910.79,12634452.00,8371834.76,34,1,298030366.00
Hybridized,47,8,8282012.50,14456239.00,10089626.12,8,1,94252558.00
Hybridized,47,31,8136054.94,12538614.00,8541095.42,31,1,277957077.00
Hybridized,47,11,8446025.64,14359309.00,9752047.64,11,1,121307975.00
Hybridized,47,5,7994627.00,12665731.00,10528190.80,5,1,65647384.00
Hybridized,47,33,8179580.33,12552299.00,8560298.52,33,1,296972468.00
Hybridized,47,31,7943815.39,12729092.00,8354795.16,31,1,271900885.00
Hybridized,55,48,8259762.56,12553787.00,8521671.73,48,1,422331855.00
Hybridized,55,29,8038205.90,13221983.00,8494516.48,29,1,259664249.00
Hybridized,55,33,8141368.94,12560106.00,8522318.09,33,1,294726477.00
Hybridized,55,44,8342701.77,12777878.00,8633494.84,44,1,393185381.00
Hybridized,55,26,8164574.23,12806495.00,8657576.46,26,1,238689381.00
Hybridized,55,31,8106347.55,12550435.00,8511614.65,31,1,277148294.00
Hybridized,55,29,8130933.03,12771707.00,8571657.14,29,1,261953293.00
Hybridized,55,47,8169684.96,13133148.00,8449484.79,47,1,410274161.00
Hybridized,55,49,8074478.37,12758833.00,8335181.35,49,1,421682800.00
Hybridized,55,31,8352593.58,12717569.00,8763265.23,31,1,285144572.00
Hybridized,55,43,8040482.63,12673945.00,8335580.95,43,1,372456097.00
Hybridized,55,47,8143533.89,12638844.00,8412792.66,47,1,409434754.00
Hybridized,55,43,8161147.19,13270390.00,8470117.86,43,1,377376709.00
Hybridized,55,21,8302717.62,12563409.00,8901487.76,21,1,200180978.00
Hybridized,55,1,8017311.00,13532889.00,21551344.00,1,1,35160280.00
Hybridized,55,26,8118148.81,13578956.00,8640759.54,26,1,237716066.00
Hybridized,55,38,8324095.74,13068251.00,8668426.45,38,1,342486894.00
Hybridized,55,47,8230495.00,12866435.00,8504623.26,47,1,412864872.00
Hybridized,55,9,8179741.67,12860609.00,9609186.89,9,1,99657906.00
Hybridized,55,49,8190103.14,12615227.00,8447941.22,49,1,427296047.00
Hybridized,55,50,8049965.92,12573534.00,8301759.60,50,1,428382769.00
Hybridized,55,50,8078850.36,12980011.00,8338787.92,50,1,430707853.00
Hybridized,55,10,8736096.60,12926054.00,10029192.50,10,1,113521270.00
Hybridized,55,54,8151333.54,13153342.00,8395250.63,54,1,466972061.00
Hybridized,55,49,8181678.18,13084417.00,8449149.16,49,1,427545746.00
Hybridized,55,24,8159589.12,12875054.00,8696528.46,24,1,221761828.00
Hybridized,55,26,8190246.04,12396853.00,8667403.46,26,1,238582523.00
Hybridized,55,26,8083253.73,13243789.00,8593031.69,26,1,236636161.00
Hybridized,55,52,8184263.23,12967255.00,8434036.73,52,1,451603120.00
Hybridized,55,8,8304381.88,13368506.00,9975854.62,8,1,93764455.00
Hybridized,55,27,8107941.67,13368745.00,8603410.44,27,1,245827881.00
Hybridized,55,33,8163442.09,12798825.00,8551657.91,33,1,295188385.00
Hybridized,55,3,8480289.33,13714890.00,13052653.33,3,1,53149504.00
Hybridized,55,29,8068143.03,12931110.00,8514420.41,29,1,260873562.00
Hybridized,55,9,8324619.89,13054283.00,9775626.00,9,1,101257530.00
Hybridized,55,48,8242305.29,12708351.00,8507387.69,48,1,421872446.00
Hybridized,55,52,8091568.60,13187615.00,8345580.10,52,1,447053101.00
Hybridized,55,9,8211627.22,12956189.00,9651802.11,9,1,100499404.00
Hybridized,55,45,8099043.87,12577380.00,8378939.93,45,1,390297951.00
Hybridized,55,8,8024262.25,12517622.00,9589375.88,8,1,90206051.00
Hybridized,55,19,7876743.53,12661028.00,8543461.74,19,1,175295760.00
Hybridized,55,24,8135348.50,13062727.00,8680029.12,24,1,221233643.00
Hybridized,55,21,8146448.81,12555759.00,8744759.19,21,1,197019350.00
Hybridized,55,29,8035868.21,12984589.00,8484021.17,29,1,259410303.00
Hybridized,55,32,8047837.91,12726117.00,8445847.03,32,1,283576945.00
Hybridized,55,45,8061554.40,12846010.00,8347391.27,45,1,388722582.00
Hybridized,55,35,8088083.40,13241298.00,8466820.89,35,1,309517685.00
Hybridized,55,23,7986676.78,12816835.00,8544312.35,23,1,209924745.00
Hybridized,55,29,8055557.97,12817803.00,8497913.69,29,1,259631903.00
Hybridized,55,24,7985317.79,13126942.00,8532710.92,24,1,217791053.00
Hybridized,55,10,7986725.70,12834066.00,9270638.50,10,1,105620370.00
Hybridized,55,51,8006714.00,13089904.00,8263733.84,51,1,434414142.00
Hybridized,55,55,8220433.35,12705318.00,8451769.75,55,1,478040527.00
Hybridized,55,53,8051216.58,12757220.00,8294192.11,53,1,452543041.00
Hybridized,55,42,8015432.60,12857088.00,8326569.64,42,1,363136212.00
Hybridized,55,40,8048317.17,12505041.00,8361296.47,40,1,347381872.00
Hybridized,55,15,8120414.80,12744438.00,8970445.53,15,1,147901685.00
Hybridized,55,31,8019083.87,12519483.00,8423262.74,31,1,274652592.00
Hybridized,55,21,8001832.62,12767936.00,8610159.14,21,1,194688046.00
Hybridized,55,18,8055943.00,12825121.00,8768824.28,18,1,171131832.00
Hybridized,55,30,8007698.50,13151009.00,8446428.70,30,1,266344707.00
Hybridized,55,29,7981606.00,12975800.00,8429412.66,29,1,258191457.00
Hybridized,55,14,8183074.21,12643796.00,9086797.79,14,1,140123353.00
Hybridized,55,40,7981676.83,12659288.00,8298520.80,40,1,345018014.00
Hybridized,55,19,8116226.58,12762641.00,8788397.63,19,1,180465924.00
Hybridized,55,32,8070190.56,12669129.00,8466449.12,32,1,283866701.00
Hybridized,55,2,8254678.50,12751224.00,14631250.50,2,1,42198198.00
Hybridized,55,19,8013508.63,12717687.00,8683216.32,19,1,178102352.00
Hybridized,55,2,8439159.00,12558584.00,14719251.50,2,1,42324461.00
Hybridized,55,42,8023134.07,12862343.00,8329762.45,42,1,363209404.00
Hybridized,55,25,8098275.20,12569501.00,8601458.28,25,1,228223576.00
Hybridized,55,39,8033747.67,13335415.00,8376074.85,39,1,339849915.00
Hybridized,55,30,8094481.13,12737566.00,8519451.07,30,1,268729630.00
Hybridized,55,19,8016848.00,12817242.00,8691804.89,19,1,178666929.00
Hybridized,55,11,8058156.18,12492882.00,9194286.00,11,1,114316278.00
Hybridized,55,28,8020542.64,12502859.00,8467408.36,28,1,250526935.00
Hybridized,55,51,8005866.45,13202648.00,8265072.12,51,1,434756654.00
Hybridized,55,13,7945563.38,12743849.00,8926266.46,13,1,129455717.00
Hybridized,55,22,8082228.77,13149791.00,8680386.00,22,1,205321127.00
Hybridized,55,42,7972795.31,12518755.00,8271167.76,42,1,360786719.00
Hybridized,55,35,8021085.26,12679496.00,8383723.26,35,1,306537218.00
Hybridized,55,47,8044711.89,12629619.00,8313794.94,47,1,404136564.00
Hybridized,55,14,8072853.36,12496631.00,8965972.21,14,1,138746032.00
Hybridized,55,6,7928679.17,12790938.00,10060852.00,6,1,73612632.00
Hybridized,55,51,8021020.10,12861885.00,8273574.24,51,1,435457369.00
Hybridized,55,12,8267990.08,13246831.00,9372520.92,12,1,125731864.00
Hybridized,55,13,8064926.77,12800352.00,9050089.00,13,1,130848564.00
Hybridized,55,14,8671640.43,13032491.00,9603047.43,14,1,147524256.00
Hybridized,55,35,7997684.89,12444238.00,8353584.46,35,1,305504842.00
Hybridized,55,7,7958054.00,12845807.00,9793675.86,7,1,81453136.00
Hybridized,55,35,8049825.63,12790476.00,8415656.91,35,1,307775787.00
Hybridized,55,50,8040040.98,13098046.00,8302360.14,50,1,428152836.00
Hybridized,55,23,8064496.48,12599065.00,8612730.78,23,1,211224148.00
Hybridized,55,36,8094897.14,12653103.00,8446811.56,36,1,317515774.00
Hybridized,55,41,7986799.02,12697734.00,8296825.85,41,1,353182224.00
Hybridized,55,41,8021596.05,12884813.00,8336205.80,41,1,355051317.00
Hybridized,55,4,8737875.00,12619595.00,11893403.00,4,1,60375464.00
Hybridized,55,7,7950349.00,12476079.00,9733017.86,7,1,81896611.00
Hybridized,55,45,7999797.82,12787929.00,8284432.80,45,1,385779686.00
Hybridized,55,18,7971794.50,12502245.00,8666763.56,18,1,169074803.00
Hybridized,249,91,8014844.48,12331871.00,8150696.79,91,1,754908559.00
Hybridized,249,80,7951484.34,12542533.00,8108661.03,80,1,661566574.00
Hybridized,249,224,7977318.60,12631457.00,8034031.28,224,1,1812849537.00
Hybridized,249,4,8014271.75,12531198.00,11147543.75,4,1,57709631.00
Hybridized,249,93,8032154.86,13017067.00,8172452.98,93,1,773008149.00
Hybridized,249,184,8063990.03,12793977.00,8133859.48,184,1,1509842843.00
Hybridized,249,26,8003159.31,12624665.00,8489067.69,26,1,233586785.00
Hybridized,249,14,8196734.36,13245504.00,9143277.50,14,1,141080180.00
Hybridized,249,122,8037202.87,12961027.00,8143769.93,122,1,1006892426.00
Hybridized,249,104,8044867.53,12513440.00,8165518.42,104,1,862376746.00
Hybridized,249,30,8059056.97,12507749.00,8476490.57,30,1,267410625.00
Hybridized,249,87,8033376.90,13019091.00,8183365.56,87,1,725472670.00
Hybridized,249,31,8007093.29,12620775.00,8414590.52,31,1,275213838.00
Hybridized,249,118,8022794.04,12976874.00,8133163.88,118,1,972877331.00
Hybridized,249,75,8036225.36,12675920.00,8205588.99,75,1,628795278.00
Hybridized,249,154,8021721.54,12608144.00,8103910.94,154,1,1261440416.00
Hybridized,249,107,8042795.35,12526186.00,8160232.68,107,1,886079702.00
Hybridized,249,205,8054289.18,12752493.00,8116817.82,205,1,1677460150.00
Hybridized,249,81,8055871.81,12768914.00,8213839.20,81,1,678461213.00
Hybridized,249,76,8103661.11,12842115.00,8273045.96,76,1,641829476.00
Hybridized,249,129,8102254.74,12911982.00,8202682.88,129,1,1071165048.00
Hybridized,249,191,8059067.29,12843220.00,8126627.47,191,1,1565787327.00
Hybridized,249,102,7969592.75,12648139.00,8093929.68,102,1,838658056.00
Hybridized,249,219,8012616.05,12502836.00,8070035.42,219,1,1780804207.00
Hybridized,249,215,8016602.74,12933726.00,8077088.15,215,1,1749895477.00
Hybridized,249,122,7995702.69,12564240.00,8099003.26,122,1,1001414017.00
Hybridized,249,104,8003004.28,12995399.00,8128290.41,104,1,858598043.00
Hybridized,249,149,7958252.64,12495501.00,8042431.47,149,1,1211626001.00
Hybridized,249,160,8013409.81,12597279.00,8095166.44,160,1,1308323717.00
Hybridized,249,87,7933042.38,12719182.00,8079580.60,87,1,716035650.00
Hybridized,249,130,8027314.05,12590477.00,8124512.65,130,1,1069753524.00
Hybridized,249,131,8008443.51,12856108.00,8106879.40,131,1,1075167736.00
Hybridized,249,135,8030089.02,12740353.00,8124777.66,135,1,1110087093.00
Hybridized,249,30,8024153.20,12938671.00,8455861.47,30,1,266738701.00
Hybridized,249,235,8034243.86,12793654.00,8089011.10,235,1,1914116013.00
Hybridized,249,203,8019692.25,12601561.00,8082096.67,203,1,1653671238.00
Hybridized,249,20,8031258.30,12758565.00,8669636.50,20,1,186417364.00
Hybridized,249,161,7967882.61,12500994.00,8045845.78,161,1,1308672033.00
Hybridized,249,93,8027528.56,12757066.00,8165084.78,93,1,772558475.00
Hybridized,249,22,8001154.50,13000759.00,8592455.68,22,1,201919399.00
Hybridized,249,162,8015674.57,12592304.00,8093725.77,162,1,1324792937.00
Hybridized,249,150,8030192.34,12946754.00,8116817.60,150,1,1230707930.00
Hybridized,249,119,8015860.71,12815826.00,8123867.74,119,1,979793632.00
Hybridized,249,116,8013773.76,12647237.00,8123148.19,116,1,955781924.00
Hybridized,249,38,7980888.50,12633217.00,8313690.29,38,1,328665132.00
Hybridized,249,208,8028704.25,12739285.00,8090283.82,208,1,1696052371.00
Hybridized,249,162,8008295.45,12610837.00,8086483.45,162,1,1323139799.00
Hybridized,249,155,8004497.52,12869042.00,8087859.99,155,1,1266851827.00
Hybridized,249,55,7995741.07,12763679.00,8228148.96,55,1,465561694.00
Hybridized,249,69,8013393.04,13049631.00,8202860.03,69,1,579323666.00
Hybridized,249,42,8073044.45,12686770.00,8375536.43,42,1,364787338.00
Hybridized,249,64,8001842.91,12423991.00,8196335.80,64,1,537545311.00
Hybridized,249,249,8012667.65,12610743.00,8063631.45,249,1,2021348764.00
Hybridized,249,46,8009726.67,12704219.00,8286218.57,46,1,394153316.00
Hybridized,249,119,8044204.43,12655205.00,8150900.93,119,1,983266922.00
Hybridized,249,204,8012038.84,12832482.00,8075265.73,204,1,1660947103.00
Hybridized,249,100,8028952.57,13222132.00,8161552.73,100,1,829129540.00
Hybridized,249,149,7988197.38,12617680.00,8073189.34,149,1,1216041639.00
Hybridized,249,7,8104637.57,13096268.00,9976029.57,7,1,82764739.00
Hybridized,249,117,7987233.55,12568918.00,8095043.94,117,1,960379460.00
Hybridized,249,223,7984785.52,12577129.00,8041505.40,223,1,1806568232.00
Hybridized,249,47,7992523.30,12569654.00,8260350.04,47,1,401224667.00
Hybridized,249,48,8004736.96,12642048.00,8268446.15,48,1,409915529.00
Hybridized,249,162,7978044.17,12509695.00,8055593.70,162,1,1318366371.00
Hybridized,249,198,8033120.89,12561725.00,8096893.51,198,1,1616269389.00
Hybridized,249,238,7971057.30,12510789.00,8023930.84,238,1,1923257293.00
Hybridized,249,193,8010743.49,12559392.00,8076130.33,193,1,1571892176.00
Hybridized,249,228,8002620.58,12428217.00,8057469.60,228,1,1850683968.00
Hybridized,249,182,7984792.34,12494607.00,8053764.07,182,1,1478876621.00
Hybridized,249,148,7990879.48,12753208.00,8077380.05,148,1,1208481000.00
Hybridized,249,244,8024710.09,12523696.00,8076397.34,244,1,1984041174.00
Hybridized,249,45,7942259.20,12662005.00,8223968.36,45,1,383093230.00
Hybridized,249,58,8030626.55,12607353.00,8248415.14,58,1,491527492.00
Hybridized,249,201,8028762.92,12886506.00,8093213.14,201,1,1640125114.00
Hybridized,249,248,8026618.54,12579595.00,8077668.14,248,1,2016799705.00
Hybridized,249,90,7997222.70,12528965.00,8136861.29,90,1,745388737.00
Hybridized,249,206,8007029.68,12762100.00,8069305.17,206,1,1675579588.00
Hybridized,249,127,7973853.28,12677014.00,8073996.24,127,1,1038712910.00
Hybridized,249,50,8097038.10,12371723.00,8344881.86,50,1,430717733.00
Hybridized,249,189,7984811.28,12998817.00,8053909.33,189,1,1535572438.00
Hybridized,249,171,8042702.77,12977222.00,8118941.39,171,1,1401423378.00
Hybridized,249,162,7992571.83,13496758.00,8076213.81,162,1,1321415633.00
Hybridized,249,174,8009253.26,12729634.00,8082717.45,174,1,1419495948.00
Hybridized,249,2,8774543.50,12892143.00,15221532.00,2,1,43160535.00
Hybridized,249,106,8016232.47,12532394.00,8134823.58,106,1,875162490.00
Hybridized,249,127,7989708.87,12527569.00,8088665.78,127,1,1040695739.00
Hybridized,249,7,8233685.57,12763110.00,10057532.43,7,1,83640609.00
Hybridized,249,88,8034155.32,12866832.00,8180753.80,88,1,732737331.00
Hybridized,249,225,7985048.51,12471013.00,8040869.81,225,1,1822682632.00
Hybridized,249,122,8028284.09,12441854.00,8130595.18,122,1,1005431829.00
Hybridized,249,72,7995335.83,12957438.00,8175659.39,72,1,601788986.00
Hybridized,249,66,8051387.45,12628275.00,8243099.83,66,1,556858914.00
Hybridized,249,34,8025768.24,12657639.00,8398415.68,34,1,298560834.00
Hybridized,249,134,8013060.93,12655923.00,8107850.59,134,1,1099522431.00
Hybridized,249,2,8025405.00,12649615.00,14350975.00,2,1,41485023.00
Hybridized,249,121,7988839.55,12855502.00,8095406.21,121,1,992824096.00
Hybridized,249,107,8018536.12,12819582.00,8138676.30,107,1,883989043.00
Hybridized,249,176,7990612.19,12561894.00,8062294.10,176,1,1432152700.00
Hybridized,249,157,7976478.82,12604926.00,8057128.18,157,1,1278260374.00
Hybridized,249,249,8019649.59,12528698.00,8070287.31,249,1,2023088118.00
Hybridized,399,252,7995540.21,12610935.00,8045890.04,252,1,2041131616.00
Hybridized,399,175,7998849.11,12689922.00,8071708.22,175,1,1426085395.00
Hybridized,399,102,7963608.35,12477318.00,8086284.56,102,1,838496329.00
Hybridized,399,245,7997401.51,12473487.00,8048674.16,245,1,1985239168.00
Hybridized,399,137,7964827.65,12501203.00,8056427.48,137,1,1116886523.00
Hybridized,399,199,7981910.63,12954556.00,8047333.28,199,1,1614994081.00
Hybridized,399,154,8009385.16,12530409.00,8091161.44,154,1,1259548151.00
Hybridized,399,264,7990270.39,12643174.00,8038494.14,264,1,2135452154.00
Hybridized,399,232,7986498.62,12882484.00,8042366.33,232,1,1879530486.00
Hybridized,399,56,8018478.46,12778106.00,8247130.89,56,1,475189838.00
Hybridized,399,308,7994667.33,12478117.00,8035517.34,308,1,2488435128.00
Hybridized,399,73,7981620.99,12699056.00,8155952.49,73,1,608574359.00
Hybridized,399,99,7954264.89,12389352.00,8079755.03,99,1,812998370.00
Hybridized,399,315,7976365.72,12780613.00,8017270.13,315,1,2539470427.00
Hybridized,399,305,7965834.15,13032763.00,8008907.14,305,1,2456313573.00
Hybridized,399,1,7895588.00,12829692.00,20726565.00,1,1,33769179.00
Hybridized,399,10,7966993.90,12481525.00,9215680.50,10,1,105369311.00
Hybridized,399,137,7969692.40,12628805.00,8062243.97,137,1,1117556117.00
Hybridized,399,4,8110833.50,13158406.00,11401257.00,4,1,58520517.00
Hybridized,399,362,7981153.25,12641109.00,8016429.16,362,1,2915376807.00
Hybridized,399,167,7975244.86,12915159.00,8052949.29,167,1,1357965659.00
Hybridized,399,90,7982261.17,12490999.00,8121395.93,90,1,744096446.00
Hybridized,399,312,7968941.53,12600821.00,8009755.53,312,1,2512513153.00
Hybridized,399,391,7999153.90,12779692.00,8032177.07,391,1,3154132731.00
Hybridized,399,296,7961111.13,12565183.00,8003876.88,296,1,2383033899.00
Hybridized,399,213,7942847.97,12659215.00,8002596.65,213,1,1717935980.00
Hybridized,399,344,7960828.53,12474767.00,7997427.92,344,1,2764657386.00
Hybridized,399,4,7979263.75,13007049.00,11231608.00,4,1,57831061.00
Hybridized,399,374,7969080.08,12546154.00,8002962.26,374,1,3006684020.00
Hybridized,399,233,7983685.48,12731210.00,8038661.45,233,1,1886216335.00
Hybridized,399,226,7958891.31,12355214.00,8013937.12,226,1,1824621989.00
Hybridized,399,75,7961424.00,12739743.00,8131673.93,75,1,623068528.00
Hybridized,399,311,7952619.75,12432857.00,7992918.05,311,1,2499152451.00
Hybridized,399,287,7942730.51,12931956.00,7988113.94,287,1,2305897546.00
Hybridized,399,190,7950678.66,12472901.00,8016648.53,190,1,1536293803.00
Hybridized,399,195,7973469.33,12647108.00,8038686.73,195,1,1580805499.00
Hybridized,399,112,7934433.40,12879525.00,8049739.79,112,1,914678981.00
Hybridized,399,370,7948086.99,12606153.00,7982484.98,370,1,2967259738.00
Hybridized,399,325,7995668.35,12619224.00,8034840.15,325,1,2624605553.00
Hybridized,399,44,7975413.23,12539737.00,8260757.23,44,1,376430575.00
Hybridized,399,264,7983220.88,12479747.00,8030822.03,264,1,2133361549.00
Hybridized,399,44,7960620.16,12532083.00,8245842.32,44,1,375867369.00
Hybridized,399,171,7967665.09,12453861.00,8040845.56,171,1,1388160260.00
Hybridized,399,196,7976571.92,12431526.00,8040314.47,196,1,1589297359.00
Hybridized,399,162,8005542.83,12652720.00,8083994.77,162,1,1322870284.00
Hybridized,399,175,8086804.56,12487018.00,8158511.24,175,1,1441038608.00
Hybridized,399,224,8160799.92,12847881.00,8218505.19,224,1,1854297968.00
Hybridized,399,168,8165539.68,12510261.00,8240815.52,168,1,1397980009.00
Hybridized,399,263,8143430.74,12453288.00,8191145.20,263,1,2168205301.00
Hybridized,399,102,8152761.37,15516411.00,8305249.68,102,1,861093285.00
Hybridized,399,210,8087085.15,12635014.00,8147607.79,210,1,1724564841.00
Hybridized,399,123,8219155.66,12648208.00,8322338.08,123,1,1036632235.00
Hybridized,399,138,8038344.62,12547358.00,8129607.80,138,1,1135177426.00
Hybridized,399,223,8052874.59,12543165.00,8109468.31,223,1,1821797021.00
Hybridized,399,93,8028530.44,12911854.00,8167717.22,93,1,773012828.00
Hybridized,399,283,8050001.70,12562253.00,8094724.71,283,1,2304231657.00
Hybridized,399,80,8137719.14,12638519.00,8296076.62,80,1,676616129.00
Hybridized,399,97,8096309.85,12569890.00,8226239.96,97,1,811126591.00
Hybridized,399,332,8097393.10,13162738.00,8137368.23,332,1,2715069062.00
Hybridized,399,385,8049788.73,12471464.00,8082512.08,385,1,3125974788.00
Hybridized,399,243,8006615.03,12462179.00,8058188.32,243,1,1971611685.00
Hybridized,399,153,7963861.30,12485311.00,8045775.45,153,1,1244223303.00
Hybridized,399,70,8069851.24,13303246.00,8260284.00,70,1,591252815.00
Hybridized,399,122,8010823.71,12726636.00,8115422.66,122,1,1003628166.00
Hybridized,399,14,7989430.00,12764037.00,8901555.14,14,1,137824560.00
Hybridized,399,328,7974416.22,12659136.00,8013310.88,328,1,2642166550.00
Hybridized,399,266,7956084.02,12666347.00,8004001.52,266,1,2142527461.00
Hybridized,399,323,7974006.98,12665922.00,8013519.28,323,1,2602017355.00
Hybridized,399,97,7991009.72,12507456.00,8120276.46,97,1,800819264.00
Hybridized,399,176,7971674.36,13088926.00,8046351.40,176,1,1429666910.00
Hybridized,399,322,7974816.82,12617299.00,8014292.81,322,1,2594031339.00
Hybridized,399,304,7954754.58,13356128.00,7998995.12,304,1,2445438485.00
Hybridized,399,274,7886934.07,12369266.00,7932360.87,274,1,2186723461.00
Hybridized,399,82,7888146.40,12338826.00,8038963.49,82,1,672331747.00
Hybridized,399,394,7875932.43,12449329.00,7907850.89,394,1,3129022816.00
Hybridized,399,371,7920839.88,12565037.00,7955009.31,371,1,2964670532.00
Hybridized,399,383,7987001.90,12693207.00,8020410.24,383,1,3085536231.00
Hybridized,399,333,8026969.68,12796227.00,8065705.23,333,1,2699970132.00
Hybridized,399,232,8109063.62,12662811.00,8163948.83,232,1,1907545860.00
Hybridized,399,11,8071327.09,12488056.00,9207176.64,11,1,114787176.00
Hybridized,399,19,8033179.79,12597700.00,8696599.11,19,1,178354085.00
Hybridized,399,164,8051674.12,12784331.00,8129944.11,164,1,1346527889.00
Hybridized,399,181,8001796.13,12561448.00,8071482.91,181,1,1474361834.00
Hybridized,399,297,7972452.77,12650966.00,8015319.28,297,1,2393898564.00
Hybridized,399,47,8039571.74,12580776.00,8307598.77,47,1,403416464.00
Hybridized,399,162,8052334.73,12498720.00,8129842.35,162,1,1330804714.00
Hybridized,399,160,7925623.97,12634135.00,8004895.99,160,1,1293953462.00
Hybridized,399,363,7948423.49,12668183.00,7983614.43,363,1,2911660383.00
Hybridized,399,298,8060331.03,12423295.00,8102321.86,298,1,2427912599.00
Hybridized,399,215,7963053.67,12429438.00,8021148.28,215,1,1737941223.00
Hybridized,399,309,7987481.70,12649198.00,8028742.07,309,1,2494347782.00
Hybridized,399,21,8033606.10,12440848.00,8626360.38,21,1,194355533.00
Hybridized,399,313,7978066.70,12521098.00,8018406.50,313,1,2523214227.00
Hybridized,399,205,8034598.49,12977829.00,8098205.99,205,1,1673304255.00
Hybridized,399,213,7954918.70,12421871.00,8013521.19,213,1,1720888710.00
Hybridized,399,103,7964991.44,12452166.00,8086195.79,103,1,845914831.00
Hybridized,399,37,8023148.38,12609324.00,8364337.11,37,1,322595265.00
Hybridized,399,58,8039673.84,12564408.00,8256690.69,58,1,492403988.00
Hybridized,399,220,8031816.25,12774436.00,8090199.41,220,1,1793271649.00
Hybridized,399,21,7980238.67,12624187.00,8581786.10,21,1,193273594.00
Hybridized,489,52,7984117.29,12387179.00,8222707.63,52,1,440633157.00
Hybridized,489,374,7976470.84,12533855.00,8010267.86,374,1,3009468684.00
Hybridized,489,238,7962329.41,12406693.00,8014797.26,238,1,1920841490.00
Hybridized,489,224,7936748.79,12741547.00,7993948.67,224,1,1803912268.00
Hybridized,489,241,7978704.56,12578555.00,8031195.61,241,1,1949832186.00
Hybridized,489,28,8284953.18,12547313.00,8733479.11,28,1,257611553.00
Hybridized,489,471,7964372.22,12478118.00,7991166.50,471,1,3777721527.00
Hybridized,489,400,7956993.22,12476338.00,7988506.03,400,1,3209141790.00
Hybridized,489,331,7958305.21,12721780.00,7997024.64,331,1,2660756969.00
Hybridized,489,207,7953954.43,12446314.00,8014373.73,207,1,1672459418.00
Hybridized,489,370,7924972.52,12656351.00,7959492.56,370,1,2958885165.00
Hybridized,489,456,7950001.41,12625406.00,7977995.54,456,1,3651793472.00
Hybridized,489,47,7943404.17,12644414.00,8212714.28,47,1,399190730.00
Hybridized,489,148,7972602.57,12712165.00,8058932.11,148,1,1205883887.00
Hybridized,489,76,7932376.99,12705748.00,8099857.09,76,1,628818106.00
Hybridized,489,133,7940125.42,12468988.00,8034157.34,133,1,1081841918.00
Hybridized,489,20,8162472.60,12555139.00,8790814.95,20,1,189080641.00
Hybridized,489,279,7998655.22,12427843.00,8043530.66,279,1,2257853476.00
Hybridized,489,1,8048386.00,13376145.00,21425887.00,1,1,34491235.00
Hybridized,489,299,7967742.07,12774639.00,8010745.95,299,1,2408878862.00
Hybridized,489,118,7971435.12,15102974.00,8099723.10,118,1,969165157.00
Hybridized,489,148,8010720.12,12554751.00,8095870.80,148,1,1211603785.00
Hybridized,489,284,7998456.08,12936986.00,8044312.70,284,1,2298460867.00
Hybridized,489,313,7997486.93,12417579.00,8037492.08,313,1,2529570146.00
Hybridized,489,308,7976885.43,12491833.00,8017750.38,308,1,2483006658.00
Hybridized,489,452,7978174.06,12985016.00,8007200.08,452,1,3632873035.00
Hybridized,489,77,8027625.31,12643942.00,8192187.88,77,1,644211777.00
Hybridized,489,280,7982554.73,12654125.00,8028071.30,280,1,2261693463.00
Hybridized,489,362,7965878.03,12732384.00,8001349.42,362,1,2910581045.00
Hybridized,489,172,7994302.08,12491258.00,8067218.65,172,1,1401092149.00
Hybridized,489,139,8026691.27,12452829.00,8116627.60,139,1,1141623868.00
Hybridized,489,254,7977995.95,12614022.00,8027968.33,254,1,2052666076.00
Hybridized,489,457,8060588.21,12639928.00,8088547.56,457,1,3710415598.00
Hybridized,489,321,8138948.41,13209986.00,8180432.16,321,1,2640177813.00
Hybridized,489,441,8179075.27,12772739.00,8208378.81,441,1,3635027673.00
Hybridized,489,146,8112085.91,12843707.00,8200401.49,146,1,1210827366.00
Hybridized,489,278,8191532.47,12936810.00,8238388.63,278,1,2304030103.00
Hybridized,489,452,8158338.13,13339156.00,8188168.53,452,1,3715554534.00
Hybridized,489,427,8128638.26,13104844.00,8159664.52,427,1,3498473199.00
Hybridized,489,468,8114804.95,13229556.00,8143381.19,468,1,3825576893.00
Hybridized,489,332,8137871.93,12866585.00,8176949.17,332,1,2728530921.00
Hybridized,489,229,8142586.88,12881742.00,8199164.48,229,1,1891450777.00
Hybridized,489,99,8063846.12,12680272.00,8192268.77,99,1,824532534.00
Hybridized,489,435,8123289.92,12954836.00,8153381.75,435,1,3560361190.00
Hybridized,489,376,8066067.50,13091328.00,8101212.27,376,1,3060067440.00
Hybridized,489,345,8035875.54,14177979.00,8077298.27,345,1,2800393480.00
Hybridized,489,260,8071688.45,12723132.00,8120915.73,260,1,2125161910.00
Hybridized,489,107,8105002.29,12756858.00,8224538.89,107,1,894418129.00
Hybridized,489,369,8062419.44,13383163.00,8099014.40,369,1,3002384021.00
Hybridized,489,267,8058875.90,12558132.00,8106210.52,267,1,2178194968.00
Hybridized,489,224,8073180.66,12576037.00,8129642.87,224,1,1836011037.00
Hybridized,489,257,8080665.39,12952762.00,8131372.41,257,1,2103220465.00
Hybridized,489,122,8106794.98,12639752.00,8210752.15,122,1,1014919630.00
Hybridized,489,256,8075383.61,12713402.00,8125370.23,256,1,2094097965.00
Hybridized,489,238,8054408.96,12417308.00,8106890.49,238,1,1942768837.00
Hybridized,489,206,8019131.03,12805734.00,8081617.18,206,1,1678000305.00
Hybridized,489,255,8054728.39,13193405.00,8106774.91,255,1,2080569574.00
Hybridized,489,477,8034294.12,12734689.00,8061319.01,477,1,3858989085.00
Hybridized,489,459,8095709.36,12861093.00,8124037.72,459,1,3742540939.00
Hybridized,489,247,8097934.65,12549999.00,8149035.30,247,1,2026316063.00
Hybridized,489,26,8166481.62,12559352.00,8649906.58,26,1,238124175.00
Hybridized,489,184,8075412.23,12644360.00,8144478.61,184,1,1512592846.00
Hybridized,489,235,8098798.93,12694557.00,8153130.67,235,1,1929735728.00
Hybridized,489,63,8058081.24,12576008.00,8258067.75,63,1,533428166.00
Hybridized,489,86,8000919.14,12766508.00,8149706.91,86,1,714025535.00
Hybridized,489,413,8011576.53,12518325.00,8042202.51,413,1,3334997194.00
Hybridized,489,263,8009374.85,12818660.00,8058495.48,263,1,2132831219.00
Hybridized,489,138,8035954.49,12713221.00,8128448.33,138,1,1135537755.00
Hybridized,489,467,8001591.74,12513523.00,8028691.78,467,1,3763425643.00
Hybridized,489,136,7996668.57,13618032.00,8097131.56,136,1,1114402933.00
Hybridized,489,397,8000870.80,12818803.00,8033516.75,397,1,3203434304.00
Hybridized,489,326,8002390.72,12509424.00,8041084.22,326,1,2634845004.00
Hybridized,489,190,8016500.39,12756495.00,8084008.97,190,1,1549552626.00
Hybridized,489,194,8021946.30,13073852.00,8089651.71,194,1,1582801740.00
Hybridized,489,398,8012165.79,12702118.00,8044424.03,398,1,3215343595.00
Hybridized,489,12,8047242.00,12963561.00,9127996.08,12,1,122832069.00
Hybridized,489,123,8019671.33,12724246.00,8123479.90,123,1,1012647378.00
Hybridized,489,188,8026329.06,12596722.00,8093654.16,188,1,1534994623.00
Hybridized,489,441,8022639.23,12895517.00,8052221.77,441,1,3564733267.00
Hybridized,489,449,7999483.91,12583674.00,8027840.33,449,1,3618272329.00
Hybridized,489,263,8006701.26,12888181.00,8056013.93,263,1,2132207729.00
Hybridized,489,350,8019473.87,12750937.00,8056227.72,350,1,2833312463.00
Hybridized,489,209,7998579.69,12746910.00,8059881.85,209,1,1697825694.00
Hybridized,489,392,8006963.02,12791338.00,8039928.46,392,1,3165465334.00
Hybridized,489,324,8012160.66,13449484.00,8053993.06,324,1,2623064105.00
Hybridized,489,49,7985884.96,12639287.00,8244161.76,49,1,417151839.00
Hybridized,489,284,8002249.90,12657112.00,8047184.24,284,1,2299013127.00
Hybridized,489,218,7976287.14,12634974.00,8034572.48,218,1,1765013042.00
Hybridized,489,430,8000612.12,12583219.00,8030203.17,430,1,3466900314.00
Hybridized,489,281,7990589.20,12745031.00,8036267.59,281,1,2271992315.00
Hybridized,489,202,8008668.17,12738081.00,8072124.52,202,1,1644218972.00
Hybridized,489,245,7985163.32,12574411.00,8036816.34,245,1,1982488101.00
Hybridized,489,371,8040053.50,12556281.00,8074213.80,371,1,3009323726.00
Hybridized,489,41,8174624.78,12623584.00,8482869.12,41,1,360986736.00
Hybridized,489,434,8046943.76,12574580.00,8076261.97,434,1,3519116501.00
Hybridized,489,468,8055563.04,13226854.00,8084161.32,468,1,3797211745.00
Hybridized,489,346,8066907.49,12559901.00,8103515.39,346,1,2817649777.00
Hybridized,489,272,8112899.66,12519240.00,8159310.90,272,1,2233032424.00
Hybridized,489,481,8023950.34,12834951.00,8050951.83,481,1,3886673508.00
Hybridized,489,320,8090474.91,12546189.00,8130001.01,320,1,2615176763.00
Hybridized,543,512,8040282.73,12448023.00,8064915.38,512,1,4143344532.00
Hybridized,543,33,7988321.48,12806783.00,8376765.24,33,1,290168709.00
Hybridized,543,519,8018178.70,12522250.00,8042630.50,519,1,4187982081.00
Hybridized,543,122,8111393.10,12550444.00,8214622.96,122,1,1016013966.00
Hybridized,543,192,8114757.61,12585157.00,8180658.08,192,1,1584144320.00
Hybridized,543,325,8094287.14,12780353.00,8133959.77,325,1,2657875797.00
Hybridized,543,367,8036832.69,12716871.00,8071809.30,367,1,2975998468.00
Hybridized,543,392,8045252.23,12767575.00,8078179.36,392,1,3180767116.00
Hybridized,543,36,8029553.53,13148040.00,8395619.81,36,1,315733909.00
Hybridized,543,290,8027798.84,12875171.00,8072533.05,290,1,2354781087.00
Hybridized,543,5,8291988.60,12540895.00,10800848.00,5,1,67523171.00
Hybridized,543,372,8067329.67,12417371.00,8101156.87,372,1,3027404919.00
Hybridized,543,237,8043280.78,12628306.00,8096955.76,237,1,1933691512.00
Hybridized,543,342,7994067.42,12659661.00,8031428.54,342,1,2760385642.00
Hybridized,543,326,8072896.97,12713853.00,8112245.89,326,1,2658359943.00
Hybridized,543,300,8145359.97,13404378.00,8190430.18,300,1,2471034646.00
Hybridized,543,141,8102664.40,13186554.00,8196556.63,141,1,1169153554.00
Hybridized,543,194,8063750.79,12607250.00,8129053.77,194,1,1590320774.00
Hybridized,543,217,7980791.10,12594184.00,8039167.21,217,1,1757924337.00
Hybridized,543,438,7984340.12,12589299.00,8013400.87,438,1,3523580069.00
Hybridized,543,29,7944600.55,12834115.00,8387542.59,29,1,256790572.00
Hybridized,543,299,7953774.98,12544548.00,7996059.22,299,1,2404376158.00
Hybridized,543,310,7959577.21,12731059.00,8000994.49,310,1,2493769871.00
Hybridized,543,377,7968197.70,12686639.00,8002170.91,377,1,3030606055.00
Hybridized,543,135,7968093.73,12888933.00,8063902.98,135,1,1102327231.00
Hybridized,543,479,7964104.95,12465481.00,7990446.55,479,1,3841449892.00
Hybridized,543,173,7970852.54,12428456.00,8042991.99,173,1,1404889221.00
Hybridized,543,318,7977404.66,12428005.00,8016822.96,318,1,2563131390.00
Hybridized,543,407,7973752.76,12452745.00,8004763.02,407,1,3271891418.00
Hybridized,543,53,8019029.83,12574547.00,8256765.87,53,1,451297921.00
Hybridized,543,538,7965378.26,12580738.00,7989092.25,538,1,4312182141.00
Hybridized,543,170,7969359.18,12842703.00,8045240.74,170,1,1381101627.00
Hybridized,543,247,7969378.99,12514549.00,8020366.93,247,1,1994957864.00
Hybridized,543,11,7968855.27,12493511.00,9105132.73,11,1,113237525.00
Hybridized,543,36,7999519.44,12901538.00,8358273.89,36,1,314075072.00
Hybridized,543,150,8005146.66,12643159.00,8089852.25,150,1,1226798462.00
Hybridized,543,221,7999738.22,13026439.00,8059021.09,221,1,1794576027.00
Hybridized,543,357,7986408.05,12790230.00,8022568.05,357,1,2877994605.00
Hybridized,543,470,7984663.04,12586540.00,8011759.44,470,1,3779321137.00
Hybridized,543,492,7976725.95,12909355.00,8003290.99,492,1,3952124612.00
Hybridized,543,521,7981747.28,12560758.00,8006181.43,521,1,4185044072.00
Hybridized,543,497,7998189.69,12632950.00,8023939.28,497,1,4002179574.00
Hybridized,543,353,7928450.37,12719357.00,7964802.03,353,1,2825279433.00
Hybridized,543,177,7932039.69,12650521.00,8003801.01,177,1,1430279060.00
Hybridized,543,438,7952405.19,13223946.00,7982912.68,438,1,3510302097.00
Hybridized,543,470,7913571.50,12791018.00,7941064.61,470,1,3746194148.00
Hybridized,543,431,7948741.03,12582771.00,7978251.88,431,1,3453119492.00
Hybridized,543,312,7940699.82,12538464.00,7981205.40,312,1,2503810488.00
Hybridized,543,191,7940680.91,12462593.00,8006268.43,191,1,1542599337.00
Hybridized,543,274,7927474.22,12389072.00,7972974.82,274,1,2198434214.00
Hybridized,543,120,7916503.01,12715599.00,8022778.46,120,1,976257089.00
Hybridized,543,354,7904633.15,12705888.00,7940821.97,354,1,2824821798.00
Hybridized,543,106,7923127.56,12362926.00,8040123.56,106,1,865687077.00
Hybridized,543,39,7901544.13,12555168.00,8223879.95,39,1,334122802.00
Hybridized,543,411,7908769.28,12541803.00,7939582.78,411,1,3276752059.00
Hybridized,543,65,7920836.83,12584229.00,8114780.46,65,1,540780859.00
Hybridized,543,210,7922654.87,12696987.00,7983408.98,210,1,1690057571.00
Hybridized,543,217,7952394.98,12569419.00,8010646.16,217,1,1751746422.00
Hybridized,543,332,7946010.39,12507057.00,7983973.51,332,1,2664414524.00
Hybridized,543,47,7991441.34,12491049.00,8257539.06,47,1,401609183.00
Hybridized,543,254,7959852.04,12712807.00,8010210.75,254,1,2048467850.00
Hybridized,543,327,7958289.73,12946835.00,7998190.79,327,1,2629359917.00
Hybridized,543,505,7946458.84,12748652.00,7972014.37,505,1,4039781443.00
Hybridized,543,411,7937183.20,12573150.00,7968065.52,411,1,3288763657.00
Hybridized,543,188,7941433.28,12487261.00,8008178.95,188,1,1519247257.00
Hybridized,543,159,7959543.75,12537279.00,8038688.16,159,1,1291598456.00
Hybridized,543,426,7940956.89,12463361.00,7970504.19,426,1,3409021081.00
Hybridized,543,392,7901420.04,12371347.00,7933298.60,392,1,3123609433.00
Hybridized,543,102,7865263.30,12329659.00,7986482.01,102,1,828008552.00
Hybridized,543,21,7853771.57,12458788.00,8447419.19,21,1,190365535.00
Hybridized,543,338,7857004.54,12347608.00,7893829.79,338,1,2681624448.00
Hybridized,543,106,7863868.57,12269783.00,7979935.16,106,1,858983063.00
Hybridized,543,279,7874734.29,12581886.00,7920120.63,279,1,2223271636.00
Hybridized,543,312,7983908.19,12591179.00,8024562.72,312,1,2517394989.00
Hybridized,543,312,7962499.18,12504669.00,8002882.94,312,1,2510560232.00
Hybridized,543,15,8076991.33,12516333.00,8911889.00,15,1,147240163.00
Hybridized,543,118,7978911.88,12467547.00,8084887.08,118,1,967442918.00
Hybridized,543,465,7972972.60,12689537.00,8000569.14,465,1,3734322471.00
Hybridized,543,237,7986371.34,12637904.00,8040051.04,237,1,1919264140.00
Hybridized,543,505,7967997.34,12460683.00,7992964.25,505,1,4050438910.00
Hybridized,543,454,7903988.90,12485302.00,7931786.49,454,1,3615098433.00
Hybridized,543,407,7912650.62,12437126.00,7943513.11,407,1,3246818158.00
Hybridized,543,364,7902086.09,12655632.00,7937209.57,364,1,2903207180.00
Hybridized,543,525,7935620.68,12607488.00,7959944.89,525,1,4192724337.00
Hybridized,543,383,7985776.13,12492550.00,8018694.42,383,1,3084979449.00
Hybridized,543,112,7967782.57,12816835.00,8082490.14,112,1,918586300.00
Hybridized,543,226,7972245.50,12740606.00,8028915.95,226,1,1828366074.00
Hybridized,543,128,8022958.62,12577725.00,8121648.70,128,1,1053087346.00
Hybridized,543,12,8043663.92,12672627.00,9100133.42,12,1,122527549.00
Hybridized,543,472,7983066.34,12570155.00,8010010.73,472,1,3794708796.00
Hybridized,543,14,8126857.29,12541014.00,9023137.79,14,1,139791376.00
Hybridized,543,163,8001670.91,12687946.00,8079811.76,163,1,1330563307.00
Hybridized,543,211,7974625.14,12704753.00,8035139.78,211,1,1709239852.00
Hybridized,543,457,7973975.41,13338198.00,8003502.40,457,1,3671235334.00
Hybridized,543,141,7995440.82,12563463.00,8086172.50,141,1,1153682398.00
Hybridized,543,361,7965402.97,12505467.00,8000340.72,361,1,2902131368.00
Hybridized,543,436,7964547.03,12690171.00,7993939.64,436,1,3499277957.00
Hybridized,543,353,7942365.39,12632110.00,7978454.29,353,1,2830227439.00
Hybridized,543,248,7983305.86,12361041.00,8033457.42,248,1,2005845479.00
Hybridized,543,228,8043726.07,12902431.00,8100650.62,228,1,1860459489.00
